/*
 Navicat Premium Data Transfer

 Source Server         : local-mysql
 Source Server Type    : MySQL
 Source Server Version : 80022
 Source Host           : localhost:3306
 Source Schema         : data_cloud

 Target Server Type    : MySQL
 Target Server Version : 80022
 File Encoding         : 65001

 Date: 16/11/2022 10:53:51
*/

SET NAMES utf8mb4;
SET FOREIGN_KEY_CHECKS = 0;

-- ----------------------------
-- Table structure for flow_business
-- ----------------------------
DROP TABLE IF EXISTS `flow_business`;
CREATE TABLE `flow_business` (
  `id` varchar(50) CHARACTER SET utf8mb4 COLLATE utf8mb4_general_ci NOT NULL COMMENT '主键ID',
  `status` tinyint DEFAULT NULL COMMENT '状态（0不启用，1启用）',
  `create_by` varchar(50) CHARACTER SET utf8mb4 COLLATE utf8mb4_general_ci DEFAULT NULL COMMENT '创建人',
  `create_time` datetime DEFAULT NULL COMMENT '创建日期',
  `create_dept` varchar(50) CHARACTER SET utf8mb4 COLLATE utf8mb4_general_ci DEFAULT NULL COMMENT '创建人所属部门',
  `update_by` varchar(50) CHARACTER SET utf8mb4 COLLATE utf8mb4_general_ci DEFAULT NULL COMMENT '更新人',
  `update_time` datetime DEFAULT NULL COMMENT '更新日期',
  `remark` varchar(1000) CHARACTER SET utf8mb4 COLLATE utf8mb4_general_ci DEFAULT NULL COMMENT '备注',
  `business_code` varchar(50) CHARACTER SET utf8mb4 COLLATE utf8mb4_general_ci DEFAULT NULL COMMENT '业务编码',
  `business_name` varchar(50) CHARACTER SET utf8mb4 COLLATE utf8mb4_general_ci DEFAULT NULL COMMENT '业务名称',
  `business_component` varchar(255) CHARACTER SET utf8mb4 COLLATE utf8mb4_general_ci DEFAULT NULL COMMENT '业务组件',
  `business_audit_group` varchar(50) CHARACTER SET utf8mb4 COLLATE utf8mb4_general_ci DEFAULT NULL COMMENT '业务审核用户组',
  `process_definition_id` varchar(100) CHARACTER SET utf8mb4 COLLATE utf8mb4_general_ci DEFAULT NULL COMMENT '流程定义ID',
  `business_tempalte` varchar(1000) CHARACTER SET utf8mb4 COLLATE utf8mb4_general_ci DEFAULT NULL COMMENT '消息模板',
  PRIMARY KEY (`id`) USING BTREE
) ENGINE=InnoDB DEFAULT CHARSET=utf8mb4 COLLATE=utf8mb4_general_ci ROW_FORMAT=DYNAMIC COMMENT='业务流程配置表';

-- ----------------------------
-- Records of flow_business
-- ----------------------------
BEGIN;
INSERT INTO `flow_business` VALUES ('1308637919266820098', 1, '1214835832967581698', '2020-09-23 13:22:48', '1197789917762031617', '1214835832967581698', '2020-09-23 13:23:37', NULL, '5011', '数据模型', '/masterdata/datamodel/index', '1319092939179286529', 'businessAudit:1:4', '业务名称:{businessName},发起人:{nickname},业务编号:{businessKey}');
COMMIT;

-- ----------------------------
-- Table structure for flow_category
-- ----------------------------
DROP TABLE IF EXISTS `flow_category`;
CREATE TABLE `flow_category` (
  `id` varchar(50) CHARACTER SET utf8mb4 COLLATE utf8mb4_general_ci NOT NULL COMMENT '主键ID',
  `status` tinyint DEFAULT NULL COMMENT '状态（0不启用，1启用）',
  `create_by` varchar(50) CHARACTER SET utf8mb4 COLLATE utf8mb4_general_ci DEFAULT NULL COMMENT '创建人',
  `create_time` datetime DEFAULT NULL COMMENT '创建日期',
  `create_dept` varchar(50) CHARACTER SET utf8mb4 COLLATE utf8mb4_general_ci DEFAULT NULL COMMENT '创建人所属部门',
  `update_by` varchar(50) CHARACTER SET utf8mb4 COLLATE utf8mb4_general_ci DEFAULT NULL COMMENT '更新人',
  `update_time` datetime DEFAULT NULL COMMENT '更新日期',
  `remark` varchar(1000) CHARACTER SET utf8mb4 COLLATE utf8mb4_general_ci DEFAULT NULL COMMENT '备注',
  `name` varchar(50) CHARACTER SET utf8mb4 COLLATE utf8mb4_general_ci DEFAULT NULL COMMENT '分类名称',
  PRIMARY KEY (`id`) USING BTREE
) ENGINE=InnoDB DEFAULT CHARSET=utf8mb4 COLLATE=utf8mb4_general_ci ROW_FORMAT=DYNAMIC COMMENT='流程分类表';

-- ----------------------------
-- Records of flow_category
-- ----------------------------
BEGIN;
INSERT INTO `flow_category` VALUES ('1304285055312584706', 1, '1214835832967581698', '2020-09-11 13:06:04', '1197789917762031617', '1214835832967581698', '2020-09-11 13:06:04', NULL, '业务管理');
COMMIT;

-- ----------------------------
-- Table structure for gen_table
-- ----------------------------
DROP TABLE IF EXISTS `gen_table`;
CREATE TABLE `gen_table` (
  `id` varchar(50) CHARACTER SET utf8mb4 COLLATE utf8mb4_general_ci NOT NULL COMMENT '主键ID',
  `status` tinyint DEFAULT NULL COMMENT '状态（0不启用，1启用）',
  `create_by` varchar(50) CHARACTER SET utf8mb4 COLLATE utf8mb4_general_ci DEFAULT NULL COMMENT '创建人',
  `create_time` datetime DEFAULT NULL COMMENT '创建日期',
  `update_by` varchar(50) CHARACTER SET utf8mb4 COLLATE utf8mb4_general_ci DEFAULT NULL COMMENT '更新人',
  `update_time` datetime DEFAULT NULL COMMENT '更新日期',
  `remark` varchar(1000) CHARACTER SET utf8mb4 COLLATE utf8mb4_general_ci DEFAULT NULL COMMENT '备注',
  `table_name` varchar(255) CHARACTER SET utf8mb4 COLLATE utf8mb4_general_ci DEFAULT NULL COMMENT '表名称',
  `table_comment` varchar(255) CHARACTER SET utf8mb4 COLLATE utf8mb4_general_ci DEFAULT NULL COMMENT '表描述',
  `class_name` varchar(255) CHARACTER SET utf8mb4 COLLATE utf8mb4_general_ci DEFAULT NULL COMMENT '实体类名称',
  `package_name` varchar(255) CHARACTER SET utf8mb4 COLLATE utf8mb4_general_ci DEFAULT NULL COMMENT '生成包路径',
  `module_name` varchar(255) CHARACTER SET utf8mb4 COLLATE utf8mb4_general_ci DEFAULT NULL COMMENT '生成模块名',
  `business_name` varchar(255) CHARACTER SET utf8mb4 COLLATE utf8mb4_general_ci DEFAULT NULL COMMENT '生成业务名',
  `function_name` varchar(255) CHARACTER SET utf8mb4 COLLATE utf8mb4_general_ci DEFAULT NULL COMMENT '生成功能名',
  `function_author` varchar(255) CHARACTER SET utf8mb4 COLLATE utf8mb4_general_ci DEFAULT NULL COMMENT '生成功能作者',
  `column_json` json DEFAULT NULL COMMENT '表字段',
  PRIMARY KEY (`id`) USING BTREE
) ENGINE=InnoDB DEFAULT CHARSET=utf8mb4 COLLATE=utf8mb4_general_ci ROW_FORMAT=DYNAMIC COMMENT='代码生成信息表';

-- ----------------------------
-- Records of gen_table
-- ----------------------------
BEGIN;
COMMIT;

-- ----------------------------
-- Table structure for qrtz_job
-- ----------------------------
DROP TABLE IF EXISTS `qrtz_job`;
CREATE TABLE `qrtz_job` (
  `id` varchar(50) CHARACTER SET utf8mb4 COLLATE utf8mb4_general_ci NOT NULL COMMENT '主键ID',
  `status` tinyint DEFAULT NULL COMMENT '状态（0不启用，1启用）',
  `create_by` varchar(50) CHARACTER SET utf8mb4 COLLATE utf8mb4_general_ci DEFAULT NULL COMMENT '创建人',
  `create_time` datetime DEFAULT NULL COMMENT '创建日期',
  `create_dept` varchar(50) CHARACTER SET utf8mb4 COLLATE utf8mb4_general_ci DEFAULT NULL COMMENT '创建人所属部门',
  `update_by` varchar(50) CHARACTER SET utf8mb4 COLLATE utf8mb4_general_ci DEFAULT NULL COMMENT '更新人',
  `update_time` datetime DEFAULT NULL COMMENT '更新日期',
  `remark` varchar(1000) CHARACTER SET utf8mb4 COLLATE utf8mb4_general_ci DEFAULT NULL COMMENT '备注',
  `job_name` varchar(255) CHARACTER SET utf8mb4 COLLATE utf8mb4_general_ci DEFAULT NULL COMMENT '任务名称',
  `bean_name` varchar(255) CHARACTER SET utf8mb4 COLLATE utf8mb4_general_ci DEFAULT NULL COMMENT 'Spring Bean名称',
  `method_name` varchar(255) CHARACTER SET utf8mb4 COLLATE utf8mb4_general_ci DEFAULT NULL COMMENT '方法名称',
  `method_params` varchar(255) CHARACTER SET utf8mb4 COLLATE utf8mb4_general_ci DEFAULT NULL COMMENT '方法参数',
  `cron_expression` varchar(255) CHARACTER SET utf8mb4 COLLATE utf8mb4_general_ci DEFAULT NULL COMMENT 'cron表达式',
  PRIMARY KEY (`id`) USING BTREE
) ENGINE=InnoDB DEFAULT CHARSET=utf8mb4 COLLATE=utf8mb4_general_ci ROW_FORMAT=DYNAMIC COMMENT='定时任务信息表';

-- ----------------------------
-- Records of qrtz_job
-- ----------------------------
BEGIN;
COMMIT;

-- ----------------------------
-- Table structure for qrtz_job_log
-- ----------------------------
DROP TABLE IF EXISTS `qrtz_job_log`;
CREATE TABLE `qrtz_job_log` (
  `id` varchar(50) CHARACTER SET utf8mb4 COLLATE utf8mb4_general_ci NOT NULL COMMENT '数据源主键ID',
  `status` tinyint DEFAULT NULL COMMENT '状态（0不启用，1启用）',
  `create_time` datetime DEFAULT NULL COMMENT '创建日期',
  `job_id` varchar(255) CHARACTER SET utf8mb4 COLLATE utf8mb4_general_ci DEFAULT NULL COMMENT '任务ID',
  `msg` varchar(2000) CHARACTER SET utf8mb4 COLLATE utf8mb4_general_ci DEFAULT NULL COMMENT '信息记录',
  PRIMARY KEY (`id`) USING BTREE
) ENGINE=InnoDB DEFAULT CHARSET=utf8mb4 COLLATE=utf8mb4_general_ci ROW_FORMAT=DYNAMIC COMMENT='定时任务日志信息表';

-- ----------------------------
-- Records of qrtz_job_log
-- ----------------------------
BEGIN;
COMMIT;

-- ----------------------------
-- Table structure for sys_config
-- ----------------------------
DROP TABLE IF EXISTS `sys_config`;
CREATE TABLE `sys_config` (
  `id` varchar(50) CHARACTER SET utf8mb4 COLLATE utf8mb4_general_ci NOT NULL COMMENT '主键ID',
  `status` tinyint DEFAULT NULL COMMENT '状态（0不启用，1启用）',
  `create_by` varchar(50) CHARACTER SET utf8mb4 COLLATE utf8mb4_general_ci DEFAULT NULL COMMENT '创建人',
  `create_time` datetime DEFAULT NULL COMMENT '创建日期',
  `update_by` varchar(50) CHARACTER SET utf8mb4 COLLATE utf8mb4_general_ci DEFAULT NULL COMMENT '更新人',
  `update_time` datetime DEFAULT NULL COMMENT '更新日期',
  `remark` varchar(1000) CHARACTER SET utf8mb4 COLLATE utf8mb4_general_ci DEFAULT NULL COMMENT '备注',
  `config_name` varchar(255) CHARACTER SET utf8mb4 COLLATE utf8mb4_general_ci DEFAULT NULL COMMENT '参数名称',
  `config_key` varchar(255) CHARACTER SET utf8mb4 COLLATE utf8mb4_general_ci DEFAULT NULL COMMENT '参数键名',
  `config_value` varchar(255) CHARACTER SET utf8mb4 COLLATE utf8mb4_general_ci DEFAULT NULL COMMENT '参数键值',
  PRIMARY KEY (`id`) USING BTREE
) ENGINE=InnoDB DEFAULT CHARSET=utf8mb4 COLLATE=utf8mb4_general_ci ROW_FORMAT=DYNAMIC COMMENT='系统参数配置信息表';

-- ----------------------------
-- Records of sys_config
-- ----------------------------
BEGIN;
INSERT INTO `sys_config` VALUES ('1265635179754459137', 1, '1214835832967581698', '2020-05-27 21:25:16', '1214835832967581698', '2020-07-06 10:47:20', '', '初始化密码', 'sys.user.password', '123456');
COMMIT;

-- ----------------------------
-- Table structure for sys_dept
-- ----------------------------
DROP TABLE IF EXISTS `sys_dept`;
CREATE TABLE `sys_dept` (
  `id` varchar(50) CHARACTER SET utf8mb4 COLLATE utf8mb4_general_ci NOT NULL COMMENT '主键ID',
  `parent_id` varchar(50) CHARACTER SET utf8mb4 COLLATE utf8mb4_general_ci DEFAULT NULL COMMENT '父部门ID',
  `dept_name` varchar(50) CHARACTER SET utf8mb4 COLLATE utf8mb4_general_ci DEFAULT NULL COMMENT '部门名称',
  `dept_no` varchar(50) CHARACTER SET utf8mb4 COLLATE utf8mb4_general_ci DEFAULT NULL COMMENT '部门编码（数据权限）',
  `status` tinyint DEFAULT NULL COMMENT '状态（0不启用，1启用）',
  `create_by` varchar(50) CHARACTER SET utf8mb4 COLLATE utf8mb4_general_ci DEFAULT NULL COMMENT '创建人',
  `create_time` datetime DEFAULT NULL COMMENT '创建日期',
  `update_by` varchar(50) CHARACTER SET utf8mb4 COLLATE utf8mb4_general_ci DEFAULT NULL COMMENT '更新人',
  `update_time` datetime DEFAULT NULL COMMENT '更新日期',
  `remark` varchar(1000) CHARACTER SET utf8mb4 COLLATE utf8mb4_general_ci DEFAULT NULL COMMENT '备注',
  PRIMARY KEY (`id`) USING BTREE
) ENGINE=InnoDB DEFAULT CHARSET=utf8mb4 COLLATE=utf8mb4_general_ci ROW_FORMAT=DYNAMIC COMMENT='部门信息表';

-- ----------------------------
-- Records of sys_dept
-- ----------------------------
BEGIN;
INSERT INTO `sys_dept` VALUES ('1197789917762031617', '0', 'xx科技', '10', 1, '1', '2019-11-22 16:12:25', '1214835832967581698', '2021-01-05 21:29:07', '1');
INSERT INTO `sys_dept` VALUES ('1197790192543469570', '1197789917762031617', '研发部门', '10001', 1, '1', '2019-11-22 16:13:30', '1', '2019-11-22 16:13:30', NULL);
INSERT INTO `sys_dept` VALUES ('1197790560782389250', '1197789917762031617', '市场部门', '10002', 1, '1', '2019-11-22 16:14:58', '1', '2019-11-22 16:14:58', NULL);
COMMIT;

-- ----------------------------
-- Table structure for sys_dept_relation
-- ----------------------------
DROP TABLE IF EXISTS `sys_dept_relation`;
CREATE TABLE `sys_dept_relation` (
  `id` varchar(50) CHARACTER SET utf8mb4 COLLATE utf8mb4_general_ci NOT NULL COMMENT '部门关系主键ID',
  `ancestor` varchar(50) CHARACTER SET utf8mb4 COLLATE utf8mb4_general_ci NOT NULL COMMENT '祖先节点',
  `descendant` varchar(50) CHARACTER SET utf8mb4 COLLATE utf8mb4_general_ci NOT NULL COMMENT '后代节点',
  PRIMARY KEY (`id`,`ancestor`,`descendant`) USING BTREE
) ENGINE=InnoDB DEFAULT CHARSET=utf8mb4 COLLATE=utf8mb4_general_ci ROW_FORMAT=DYNAMIC COMMENT='部门关系表';

-- ----------------------------
-- Records of sys_dept_relation
-- ----------------------------
BEGIN;
INSERT INTO `sys_dept_relation` VALUES ('1197790192677687298', '1197790192543469570', '1197790192543469570');
INSERT INTO `sys_dept_relation` VALUES ('1197790560828526593', '1197790560782389250', '1197790560782389250');
INSERT INTO `sys_dept_relation` VALUES ('1346448644767150081', '1197789917762031617', '1197789917762031617');
COMMIT;

-- ----------------------------
-- Table structure for sys_dict
-- ----------------------------
DROP TABLE IF EXISTS `sys_dict`;
CREATE TABLE `sys_dict` (
  `id` varchar(50) CHARACTER SET utf8mb4 COLLATE utf8mb4_general_ci NOT NULL COMMENT '主键ID',
  `status` tinyint DEFAULT NULL COMMENT '状态（0不启用，1启用）',
  `create_by` varchar(50) CHARACTER SET utf8mb4 COLLATE utf8mb4_general_ci DEFAULT NULL COMMENT '创建人',
  `create_time` datetime DEFAULT NULL COMMENT '创建日期',
  `update_by` varchar(50) CHARACTER SET utf8mb4 COLLATE utf8mb4_general_ci DEFAULT NULL COMMENT '更新人',
  `update_time` datetime DEFAULT NULL COMMENT '更新日期',
  `remark` varchar(1000) CHARACTER SET utf8mb4 COLLATE utf8mb4_general_ci DEFAULT NULL COMMENT '备注',
  `dict_name` varchar(50) CHARACTER SET utf8mb4 COLLATE utf8mb4_general_ci DEFAULT NULL COMMENT '字典名称',
  `dict_code` varchar(50) CHARACTER SET utf8mb4 COLLATE utf8mb4_general_ci DEFAULT NULL COMMENT '字典编码',
  PRIMARY KEY (`id`) USING BTREE
) ENGINE=InnoDB DEFAULT CHARSET=utf8mb4 COLLATE=utf8mb4_general_ci ROW_FORMAT=DYNAMIC COMMENT='字典编码信息表';

-- ----------------------------
-- Records of sys_dict
-- ----------------------------
BEGIN;
INSERT INTO `sys_dict` VALUES ('1254701165563764738', 1, '1214835832967581698', '2020-04-27 17:17:24', '1214835832967581698', '2020-04-27 17:17:24', NULL, '菜单类型', 'sys_menu_type');
INSERT INTO `sys_dict` VALUES ('1254701402755850241', 1, '1214835832967581698', '2020-04-27 17:18:20', '1214835832967581698', '2020-04-27 17:18:20', NULL, '数据状态', 'sys_common_status');
INSERT INTO `sys_dict` VALUES ('1255033722255945729', 1, '1214835832967581698', '2020-04-28 15:18:51', '1214835832967581698', '2020-04-28 15:18:51', NULL, '数据范围', 'sys_data_scope');
INSERT INTO `sys_dict` VALUES ('1255037349741703169', 1, '1214835832967581698', '2020-04-28 15:33:16', '1214835832967581698', '2020-04-28 15:33:16', NULL, '数据库类型', 'data_db_type');
INSERT INTO `sys_dict` VALUES ('1255047550985297922', 1, '1214835832967581698', '2020-04-28 16:13:48', '1214835832967581698', '2020-04-28 16:13:48', NULL, '是否', 'sys_yes_no');
INSERT INTO `sys_dict` VALUES ('1255047909942222850', 1, '1214835832967581698', '2020-04-28 16:15:14', '1214835832967581698', '2020-04-28 16:15:14', NULL, '请求方式', 'data_req_method');
INSERT INTO `sys_dict` VALUES ('1255048146102509569', 1, '1214835832967581698', '2020-04-28 16:16:10', '1214835832967581698', '2020-04-28 16:16:10', NULL, '返回格式', 'data_res_type');
INSERT INTO `sys_dict` VALUES ('1255049472299491329', 1, '1214835832967581698', '2020-04-28 16:21:27', '1214835832967581698', '2020-04-28 16:21:27', NULL, '配置方式', 'data_config_type');
INSERT INTO `sys_dict` VALUES ('1255049868610887682', 1, '1214835832967581698', '2020-04-28 16:23:01', '1214835832967581698', '2020-04-28 16:23:01', NULL, 'SQL操作符', 'data_where_type');
INSERT INTO `sys_dict` VALUES ('1255050897825980418', 1, '1214835832967581698', '2020-04-28 16:27:06', '1214835832967581698', '2020-04-28 16:27:06', NULL, '参数类型', 'data_param_type');
INSERT INTO `sys_dict` VALUES ('1255052030422278145', 1, '1214835832967581698', '2020-04-28 16:31:36', '1214835832967581698', '2020-04-28 16:31:36', NULL, '脱敏类型', 'data_cipher_type');
INSERT INTO `sys_dict` VALUES ('1255054338933645314', 1, '1214835832967581698', '2020-04-28 16:40:47', '1214835832967581698', '2020-04-28 16:40:47', NULL, '正则规则类型', 'data_regex_crypto');
INSERT INTO `sys_dict` VALUES ('1255054468176928770', 1, '1214835832967581698', '2020-04-28 16:41:18', '1214835832967581698', '2020-04-28 16:41:18', NULL, '加密规则类型', 'data_algorithm_crypto');
INSERT INTO `sys_dict` VALUES ('1275048574979174401', 1, '1214835832967581698', '2020-06-22 20:50:44', '1214835832967581698', '2020-06-22 20:50:44', NULL, '任务状态', 'sys_job_status');
INSERT INTO `sys_dict` VALUES ('1275054601837506561', 1, '1214835832967581698', '2020-06-22 21:14:41', '1214835832967581698', '2020-06-22 21:14:41', NULL, '系统状态', 'sys_normal_status');
INSERT INTO `sys_dict` VALUES ('1280793187027292161', 1, '1214835832967581698', '2020-07-08 17:17:46', '1214835832967581698', '2020-07-08 17:17:46', NULL, 'API状态', 'data_api_status');
INSERT INTO `sys_dict` VALUES ('1285923703451848705', 1, '1214835832967581698', '2020-07-22 21:04:37', '1214835832967581698', '2020-07-22 21:04:37', NULL, '聚合函数', 'data_aggregate_type');
INSERT INTO `sys_dict` VALUES ('1296680107225706498', 1, '1296680107225706498', '2020-08-21 21:04:37', '1214835832967581698', '2020-08-21 21:04:37', NULL, '服务类型', 'data_service_type');
INSERT INTO `sys_dict` VALUES ('1300344099387244546', 1, '1296680107225706498', '2020-08-21 21:04:37', '1214835832967581698', '2020-08-21 21:04:37', NULL, '查询方式', 'data_query_type');
INSERT INTO `sys_dict` VALUES ('1300344451876577281', 1, '1296680107225706498', '2020-08-21 21:04:37', '1214835832967581698', '2020-08-21 21:04:37', NULL, '显示类型', 'data_html_type');
INSERT INTO `sys_dict` VALUES ('1300708138781016066', 1, '1296680107225706498', '2020-08-21 21:04:37', '1214835832967581698', '2020-08-21 21:04:37', NULL, 'ORACLE数据类型', 'data_type_oracle');
INSERT INTO `sys_dict` VALUES ('1301041843055632386', 1, '1296680107225706498', '2020-08-21 21:04:37', '1214835832967581698', '2020-08-21 21:04:37', NULL, 'MYSQL数据类型', 'data_type_mysql');
INSERT INTO `sys_dict` VALUES ('1309001146932670465', 1, '1296680107225706498', '2020-08-21 21:04:37', '1214835832967581698', '2020-08-21 21:04:37', NULL, '流程状态', 'sys_flow_status');
INSERT INTO `sys_dict` VALUES ('1310494826919211009', 1, '1296680107225706498', '2020-08-21 21:04:37', '1214835832967581698', '2020-08-21 21:04:37', NULL, '字典对照状态', 'data_contrast_status');
COMMIT;

-- ----------------------------
-- Table structure for sys_dict_item
-- ----------------------------
DROP TABLE IF EXISTS `sys_dict_item`;
CREATE TABLE `sys_dict_item` (
  `id` varchar(50) CHARACTER SET utf8mb4 COLLATE utf8mb4_general_ci NOT NULL COMMENT '主键ID',
  `status` tinyint DEFAULT NULL COMMENT '状态（0不启用，1启用）',
  `create_by` varchar(50) CHARACTER SET utf8mb4 COLLATE utf8mb4_general_ci DEFAULT NULL COMMENT '创建人',
  `create_time` datetime DEFAULT NULL COMMENT '创建日期',
  `update_by` varchar(50) CHARACTER SET utf8mb4 COLLATE utf8mb4_general_ci DEFAULT NULL COMMENT '更新人',
  `update_time` datetime DEFAULT NULL COMMENT '更新日期',
  `remark` varchar(1000) CHARACTER SET utf8mb4 COLLATE utf8mb4_general_ci DEFAULT NULL COMMENT '备注',
  `dict_id` varchar(50) CHARACTER SET utf8mb4 COLLATE utf8mb4_general_ci DEFAULT NULL COMMENT '字典id',
  `item_text` varchar(50) CHARACTER SET utf8mb4 COLLATE utf8mb4_general_ci DEFAULT NULL COMMENT '字典项文本',
  `item_value` varchar(50) CHARACTER SET utf8mb4 COLLATE utf8mb4_general_ci DEFAULT NULL COMMENT '字典项值',
  `item_sort` int DEFAULT NULL COMMENT '排序',
  PRIMARY KEY (`id`) USING BTREE
) ENGINE=InnoDB DEFAULT CHARSET=utf8mb4 COLLATE=utf8mb4_general_ci ROW_FORMAT=DYNAMIC COMMENT='字典项信息表';

-- ----------------------------
-- Records of sys_dict_item
-- ----------------------------
BEGIN;
INSERT INTO `sys_dict_item` VALUES ('1254702149128052737', 1, '1214835832967581698', '2020-04-27 17:21:18', '1214835832967581698', '2020-04-27 17:21:18', NULL, '1254701165563764738', '0', '模块', 1);
INSERT INTO `sys_dict_item` VALUES ('1254702177166974977', 1, '1214835832967581698', '2020-04-27 17:21:25', '1214835832967581698', '2020-04-27 17:21:25', NULL, '1254701165563764738', '1', '菜单', 2);
INSERT INTO `sys_dict_item` VALUES ('1254702210272616449', 1, '1214835832967581698', '2020-04-27 17:21:33', '1214835832967581698', '2020-04-27 17:21:33', NULL, '1254701165563764738', '2', '按钮', 3);
INSERT INTO `sys_dict_item` VALUES ('1254702351834570753', 1, '1214835832967581698', '2020-04-27 17:22:07', '1214835832967581698', '2020-04-27 17:22:07', NULL, '1254701402755850241', '0', '禁用', 1);
INSERT INTO `sys_dict_item` VALUES ('1254702385279950850', 1, '1214835832967581698', '2020-04-27 17:22:15', '1214835832967581698', '2020-04-27 17:22:15', NULL, '1254701402755850241', '1', '启用', 2);
INSERT INTO `sys_dict_item` VALUES ('1255034071784075266', 1, '1214835832967581698', '2020-04-28 15:20:15', '1214835832967581698', '2020-04-28 15:20:15', NULL, '1255033722255945729', '1', '全部数据权限', 1);
INSERT INTO `sys_dict_item` VALUES ('1255034118043054082', 1, '1214835832967581698', '2020-04-28 15:20:26', '1214835832967581698', '2020-04-28 15:20:26', NULL, '1255033722255945729', '2', '自定义数据权限', 2);
INSERT INTO `sys_dict_item` VALUES ('1255034148703416321', 1, '1214835832967581698', '2020-04-28 15:20:33', '1214835832967581698', '2020-04-28 15:20:33', NULL, '1255033722255945729', '3', '本部门数据权限', 3);
INSERT INTO `sys_dict_item` VALUES ('1255034178491363329', 1, '1214835832967581698', '2020-04-28 15:20:40', '1214835832967581698', '2020-04-28 15:20:40', NULL, '1255033722255945729', '4', '本部门及以下数据权限', 4);
INSERT INTO `sys_dict_item` VALUES ('1255034207415283713', 1, '1214835832967581698', '2020-04-28 15:20:47', '1214835832967581698', '2020-04-28 15:20:47', NULL, '1255033722255945729', '5', '仅本人数据权限', 5);
INSERT INTO `sys_dict_item` VALUES ('1255037454632857602', 1, '1214835832967581698', '2020-04-28 15:33:41', '1214835832967581698', '2020-04-28 15:33:41', NULL, '1255037349741703169', '1', 'MySql数据库', 1);
INSERT INTO `sys_dict_item` VALUES ('1255037499587407874', 1, '1214835832967581698', '2020-04-28 15:33:52', '1214835832967581698', '2020-04-28 15:33:52', NULL, '1255037349741703169', '2', 'MariaDB数据库', 2);
INSERT INTO `sys_dict_item` VALUES ('1255037543732457474', 1, '1214835832967581698', '2020-04-28 15:34:03', '1214835832967581698', '2020-04-28 15:34:03', NULL, '1255037349741703169', '3', 'Oracle11g及以下数据库', 3);
INSERT INTO `sys_dict_item` VALUES ('1255037611558547458', 1, '1214835832967581698', '2020-04-28 15:34:19', '1214835832967581698', '2020-04-28 15:34:19', NULL, '1255037349741703169', '4', 'Oracle12c+数据库', 4);
INSERT INTO `sys_dict_item` VALUES ('1255037682886881282', 1, '1214835832967581698', '2020-04-28 15:34:36', '1214835832967581698', '2020-04-28 15:34:36', NULL, '1255037349741703169', '5', 'PostgreSql数据库', 5);
INSERT INTO `sys_dict_item` VALUES ('1255037722741157890', 1, '1214835832967581698', '2020-04-28 15:34:45', '1214835832967581698', '2020-04-28 15:34:45', NULL, '1255037349741703169', '6', 'SQLServer2008及以下数据库', 6);
INSERT INTO `sys_dict_item` VALUES ('1255037772984725506', 1, '1214835832967581698', '2020-04-28 15:34:57', '1214835832967581698', '2020-04-28 15:34:57', NULL, '1255037349741703169', '7', 'SQLServer2012+数据库', 7);
INSERT INTO `sys_dict_item` VALUES ('1255037816378994690', 1, '1214835832967581698', '2020-04-28 15:35:08', '1214835832967581698', '2020-04-28 15:35:08', NULL, '1255037349741703169', '8', '其他数据库', 8);
INSERT INTO `sys_dict_item` VALUES ('1255047584040607746', 1, '1214835832967581698', '2020-04-28 16:13:56', '1214835832967581698', '2020-04-28 16:13:56', NULL, '1255047550985297922', '0', '否', 1);
INSERT INTO `sys_dict_item` VALUES ('1255047616940728322', 1, '1214835832967581698', '2020-04-28 16:14:04', '1214835832967581698', '2020-04-28 16:14:04', NULL, '1255047550985297922', '1', '是', 2);
INSERT INTO `sys_dict_item` VALUES ('1255048026803920898', 1, '1214835832967581698', '2020-04-28 16:15:42', '1214835832967581698', '2020-04-28 16:15:42', NULL, '1255047909942222850', 'GET', 'GET', 1);
INSERT INTO `sys_dict_item` VALUES ('1255048059242668033', 1, '1214835832967581698', '2020-04-28 16:15:50', '1214835832967581698', '2020-04-28 16:15:50', NULL, '1255047909942222850', 'POST', 'POST', 2);
INSERT INTO `sys_dict_item` VALUES ('1255048227744636929', 1, '1214835832967581698', '2020-04-28 16:16:30', '1214835832967581698', '2020-04-28 16:16:30', NULL, '1255048146102509569', 'JSON', 'JSON', 1);
INSERT INTO `sys_dict_item` VALUES ('1255049535197274113', 1, '1214835832967581698', '2020-04-28 16:21:42', '1214835832967581698', '2020-04-28 16:21:42', NULL, '1255049472299491329', '1', '表引导模式', 1);
INSERT INTO `sys_dict_item` VALUES ('1255049562602856449', 1, '1214835832967581698', '2020-04-28 16:21:48', '1214835832967581698', '2020-04-28 16:21:48', NULL, '1255049472299491329', '2', '脚本模式', 2);
INSERT INTO `sys_dict_item` VALUES ('1255049937749794817', 1, '1214835832967581698', '2020-04-28 16:23:18', '1214835832967581698', '2020-04-28 16:23:18', NULL, '1255049868610887682', '1', '等于', 1);
INSERT INTO `sys_dict_item` VALUES ('1255049969106411521', 1, '1214835832967581698', '2020-04-28 16:23:25', '1214835832967581698', '2020-04-28 16:23:25', NULL, '1255049868610887682', '2', '不等于', 2);
INSERT INTO `sys_dict_item` VALUES ('1255049996876898306', 1, '1214835832967581698', '2020-04-28 16:23:32', '1214835832967581698', '2020-04-28 16:23:32', NULL, '1255049868610887682', '3', '全模糊查询', 3);
INSERT INTO `sys_dict_item` VALUES ('1255050281636585473', 1, '1214835832967581698', '2020-04-28 16:24:40', '1214835832967581698', '2020-04-28 16:24:40', NULL, '1255049868610887682', '4', '左模糊查询', 4);
INSERT INTO `sys_dict_item` VALUES ('1255050325618057217', 1, '1214835832967581698', '2020-04-28 16:24:50', '1214835832967581698', '2020-04-28 16:24:50', NULL, '1255049868610887682', '5', '右模糊查询', 5);
INSERT INTO `sys_dict_item` VALUES ('1255050357075337217', 1, '1214835832967581698', '2020-04-28 16:24:57', '1214835832967581698', '2020-04-28 16:24:57', NULL, '1255049868610887682', '6', '大于', 6);
INSERT INTO `sys_dict_item` VALUES ('1255050386712289281', 1, '1214835832967581698', '2020-04-28 16:25:05', '1214835832967581698', '2020-04-28 16:25:05', NULL, '1255049868610887682', '7', '大于等于', 7);
INSERT INTO `sys_dict_item` VALUES ('1255050425413132290', 1, '1214835832967581698', '2020-04-28 16:25:14', '1214835832967581698', '2020-04-28 16:25:14', NULL, '1255049868610887682', '8', '小于', 8);
INSERT INTO `sys_dict_item` VALUES ('1255050459407966210', 1, '1214835832967581698', '2020-04-28 16:25:22', '1214835832967581698', '2020-04-28 16:25:22', NULL, '1255049868610887682', '9', '小于等于', 9);
INSERT INTO `sys_dict_item` VALUES ('1255050508485517313', 1, '1214835832967581698', '2020-04-28 16:25:34', '1214835832967581698', '2020-04-28 16:25:34', NULL, '1255049868610887682', '10', '是否为空', 10);
INSERT INTO `sys_dict_item` VALUES ('1255050549505810433', 1, '1214835832967581698', '2020-04-28 16:25:43', '1214835832967581698', '2020-04-28 16:25:43', NULL, '1255049868610887682', '11', '是否不为空', 11);
INSERT INTO `sys_dict_item` VALUES ('1255050756901560321', 1, '1214835832967581698', '2020-04-28 16:26:33', '1214835832967581698', '2020-04-28 16:26:33', NULL, '1255049868610887682', '12', 'IN', 12);
INSERT INTO `sys_dict_item` VALUES ('1255051004805898241', 1, '1214835832967581698', '2020-04-28 16:27:32', '1214835832967581698', '2020-04-28 16:27:32', NULL, '1255050897825980418', '1', '字符串', 1);
INSERT INTO `sys_dict_item` VALUES ('1255051030818971649', 1, '1214835832967581698', '2020-04-28 16:27:38', '1214835832967581698', '2020-04-28 16:27:38', NULL, '1255050897825980418', '2', '整型', 2);
INSERT INTO `sys_dict_item` VALUES ('1255051062423052289', 1, '1214835832967581698', '2020-04-28 16:27:46', '1214835832967581698', '2020-04-28 16:27:46', NULL, '1255050897825980418', '3', '浮点型', 3);
INSERT INTO `sys_dict_item` VALUES ('1255051089870577665', 1, '1214835832967581698', '2020-04-28 16:27:52', '1214835832967581698', '2020-04-28 16:27:52', NULL, '1255050897825980418', '4', '时间', 4);
INSERT INTO `sys_dict_item` VALUES ('1255051121646624770', 1, '1214835832967581698', '2020-04-28 16:28:00', '1214835832967581698', '2020-04-28 16:28:00', NULL, '1255050897825980418', '5', '集合', 5);
INSERT INTO `sys_dict_item` VALUES ('1255052103847763970', 1, '1214835832967581698', '2020-04-28 16:31:54', '1214835832967581698', '2020-04-28 16:31:54', NULL, '1255052030422278145', '1', '正则替换', 1);
INSERT INTO `sys_dict_item` VALUES ('1255052128799678465', 1, '1214835832967581698', '2020-04-28 16:32:00', '1214835832967581698', '2020-04-28 16:32:00', NULL, '1255052030422278145', '2', '加密算法', 2);
INSERT INTO `sys_dict_item` VALUES ('1255054729293324290', 1, '1214835832967581698', '2020-04-28 16:42:20', '1214835832967581698', '2020-04-28 16:42:20', NULL, '1255054338933645314', '1', '中文姓名', 1);
INSERT INTO `sys_dict_item` VALUES ('1255054769277624322', 1, '1214835832967581698', '2020-04-28 16:42:29', '1214835832967581698', '2020-04-28 16:42:29', NULL, '1255054338933645314', '2', '身份证号', 2);
INSERT INTO `sys_dict_item` VALUES ('1255054810838982657', 1, '1214835832967581698', '2020-04-28 16:42:39', '1214835832967581698', '2020-04-28 16:42:39', NULL, '1255054338933645314', '3', '固定电话', 3);
INSERT INTO `sys_dict_item` VALUES ('1255054840111030274', 1, '1214835832967581698', '2020-04-28 16:42:46', '1214835832967581698', '2020-04-28 16:42:46', NULL, '1255054338933645314', '4', '手机号码', 4);
INSERT INTO `sys_dict_item` VALUES ('1255054878862204929', 1, '1214835832967581698', '2020-04-28 16:42:56', '1214835832967581698', '2020-04-28 16:42:56', NULL, '1255054338933645314', '5', '地址', 5);
INSERT INTO `sys_dict_item` VALUES ('1255054911183511553', 1, '1214835832967581698', '2020-04-28 16:43:03', '1214835832967581698', '2020-04-28 16:43:03', NULL, '1255054338933645314', '6', '电子邮箱', 6);
INSERT INTO `sys_dict_item` VALUES ('1255054941030178817', 1, '1214835832967581698', '2020-04-28 16:43:10', '1214835832967581698', '2020-04-28 16:43:10', NULL, '1255054338933645314', '7', '银行卡号', 7);
INSERT INTO `sys_dict_item` VALUES ('1255054975704489986', 1, '1214835832967581698', '2020-04-28 16:43:19', '1214835832967581698', '2020-04-28 16:43:19', NULL, '1255054338933645314', '8', '公司开户银行联号', 8);
INSERT INTO `sys_dict_item` VALUES ('1255055043568328706', 1, '1214835832967581698', '2020-04-28 16:43:35', '1214835832967581698', '2020-04-28 16:43:35', NULL, '1255054468176928770', '1', 'BASE64加密', 1);
INSERT INTO `sys_dict_item` VALUES ('1255055072123150338', 1, '1214835832967581698', '2020-04-28 16:43:42', '1214835832967581698', '2020-04-28 16:43:42', NULL, '1255054468176928770', '2', 'MD5加密', 2);
INSERT INTO `sys_dict_item` VALUES ('1255055103777562626', 1, '1214835832967581698', '2020-04-28 16:43:49', '1214835832967581698', '2020-04-28 16:43:49', NULL, '1255054468176928770', '3', 'SHA_1加密', 3);
INSERT INTO `sys_dict_item` VALUES ('1255055137550098434', 1, '1214835832967581698', '2020-04-28 16:43:57', '1214835832967581698', '2020-04-28 16:43:57', NULL, '1255054468176928770', '4', 'SHA_256加密', 4);
INSERT INTO `sys_dict_item` VALUES ('1255055168852189186', 1, '1214835832967581698', '2020-04-28 16:44:05', '1214835832967581698', '2020-04-28 16:44:05', NULL, '1255054468176928770', '5', 'AES加密', 5);
INSERT INTO `sys_dict_item` VALUES ('1255055201391599617', 1, '1214835832967581698', '2020-04-28 16:44:12', '1214835832967581698', '2020-04-28 16:44:12', NULL, '1255054468176928770', '6', 'DES加密', 6);
INSERT INTO `sys_dict_item` VALUES ('1275048742365458434', 1, '1214835832967581698', '2020-06-22 20:51:24', '1214835832967581698', '2020-06-22 20:51:24', NULL, '1275048574979174401', '0', '暂停', 1);
INSERT INTO `sys_dict_item` VALUES ('1275048809193304065', 1, '1214835832967581698', '2020-06-22 20:51:40', '1214835832967581698', '2020-06-22 20:51:40', NULL, '1275048574979174401', '1', '运行', 2);
INSERT INTO `sys_dict_item` VALUES ('1275054736508219394', 1, '1214835832967581698', '2020-06-22 21:15:13', '1214835832967581698', '2020-06-22 21:15:13', NULL, '1275054601837506561', '0', '失败', 1);
INSERT INTO `sys_dict_item` VALUES ('1275054803906490370', 1, '1214835832967581698', '2020-06-22 21:15:29', '1214835832967581698', '2020-06-22 21:15:29', NULL, '1275054601837506561', '1', '成功', 2);
INSERT INTO `sys_dict_item` VALUES ('1280793322234875905', 1, '1214835832967581698', '2020-07-08 17:18:19', '1214835832967581698', '2020-07-08 17:18:19', NULL, '1280793187027292161', '1', '待发布', 1);
INSERT INTO `sys_dict_item` VALUES ('1280793374244245505', 1, '1214835832967581698', '2020-07-08 17:18:31', '1214835832967581698', '2020-07-08 17:18:31', NULL, '1280793187027292161', '2', '已发布', 2);
INSERT INTO `sys_dict_item` VALUES ('1280793418611593218', 1, '1214835832967581698', '2020-07-08 17:18:42', '1214835832967581698', '2020-07-08 17:18:42', NULL, '1280793187027292161', '3', '已下线', 3);
INSERT INTO `sys_dict_item` VALUES ('1285924274212737026', 1, '1214835832967581698', '2020-07-22 21:06:53', '1214835832967581698', '2020-07-22 21:06:53', NULL, '1285923703451848705', 'AVG', '平均值', 1);
INSERT INTO `sys_dict_item` VALUES ('1285924403900616706', 1, '1214835832967581698', '2020-07-22 21:07:24', '1214835832967581698', '2020-07-22 21:07:24', NULL, '1285923703451848705', 'COUNT', '计数', 2);
INSERT INTO `sys_dict_item` VALUES ('1285924488742998018', 1, '1214835832967581698', '2020-07-22 21:07:44', '1214835832967581698', '2020-07-22 21:07:44', NULL, '1285923703451848705', 'MAX', '最大值', 3);
INSERT INTO `sys_dict_item` VALUES ('1285924564915752961', 1, '1214835832967581698', '2020-07-22 21:08:02', '1214835832967581698', '2020-07-22 21:08:02', NULL, '1285923703451848705', 'MIN', '最小值', 4);
INSERT INTO `sys_dict_item` VALUES ('1285924644037103617', 1, '1214835832967581698', '2020-07-22 21:08:21', '1214835832967581698', '2020-07-22 21:08:21', NULL, '1285923703451848705', 'SUM', '求和', 5);
INSERT INTO `sys_dict_item` VALUES ('1296680479872815106', 1, '1296680107225706498', '2020-08-21 21:04:37', '1296680107225706498', '2020-08-21 21:04:37', NULL, '1296680107225706498', '1', 'http接口', 1);
INSERT INTO `sys_dict_item` VALUES ('1296680800095338497', 1, '1296680107225706498', '2020-08-21 21:04:37', '1296680107225706498', '2020-08-21 21:04:37', NULL, '1296680107225706498', '2', 'webservice接口', 2);
INSERT INTO `sys_dict_item` VALUES ('1300344676871569410', 1, '1296680107225706498', '2020-08-21 21:04:37', '1296680107225706498', '2020-08-21 21:04:37', NULL, '1300344099387244546', 'eq', '=', 1);
INSERT INTO `sys_dict_item` VALUES ('1300344719984926721', 1, '1296680107225706498', '2020-08-21 21:04:37', '1296680107225706498', '2020-08-21 21:04:37', NULL, '1300344099387244546', 'ne', '!=', 2);
INSERT INTO `sys_dict_item` VALUES ('1300344887987683330', 1, '1296680107225706498', '2020-08-21 21:04:37', '1296680107225706498', '2020-08-21 21:04:37', NULL, '1300344099387244546', 'gt', '>', 3);
INSERT INTO `sys_dict_item` VALUES ('1300344940169011202', 1, '1296680107225706498', '2020-08-21 21:04:37', '1296680107225706498', '2020-08-21 21:04:37', NULL, '1300344099387244546', 'ge', '>=', 4);
INSERT INTO `sys_dict_item` VALUES ('1300344991276687361', 1, '1296680107225706498', '2020-08-21 21:04:37', '1296680107225706498', '2020-08-21 21:04:37', NULL, '1300344099387244546', 'lt', '<', 5);
INSERT INTO `sys_dict_item` VALUES ('1300345039674744833', 1, '1296680107225706498', '2020-08-21 21:04:37', '1296680107225706498', '2020-08-21 21:04:37', NULL, '1300344099387244546', 'le', '<=', 6);
INSERT INTO `sys_dict_item` VALUES ('1300345083937226754', 1, '1296680107225706498', '2020-08-21 21:04:37', '1296680107225706498', '2020-08-21 21:04:37', NULL, '1300344099387244546', 'like', 'like', 7);
INSERT INTO `sys_dict_item` VALUES ('1300345183094763522', 1, '1296680107225706498', '2020-08-21 21:04:37', '1296680107225706498', '2020-08-21 21:04:37', NULL, '1300344099387244546', 'between', 'between', 8);
INSERT INTO `sys_dict_item` VALUES ('1300345958537633794', 1, '1296680107225706498', '2020-08-21 21:04:37', '1296680107225706498', '2020-08-21 21:04:37', NULL, '1300344451876577281', 'input', '文本框', 1);
INSERT INTO `sys_dict_item` VALUES ('1300345964648734722', 1, '1296680107225706498', '2020-08-21 21:04:37', '1296680107225706498', '2020-08-21 21:04:37', NULL, '1300344451876577281', 'textarea', '文本域', 2);
INSERT INTO `sys_dict_item` VALUES ('1300345968855621633', 1, '1296680107225706498', '2020-08-21 21:04:37', '1296680107225706498', '2020-08-21 21:04:37', NULL, '1300344451876577281', 'select', '下拉框', 3);
INSERT INTO `sys_dict_item` VALUES ('1300345973049925633', 1, '1296680107225706498', '2020-08-21 21:04:37', '1296680107225706498', '2020-08-21 21:04:37', NULL, '1300344451876577281', 'radio', '单选框', 4);
INSERT INTO `sys_dict_item` VALUES ('1300345977248423937', 1, '1296680107225706498', '2020-08-21 21:04:37', '1296680107225706498', '2020-08-21 21:04:37', NULL, '1300344451876577281', 'checkbox', '复选框', 5);
INSERT INTO `sys_dict_item` VALUES ('1300345981438533633', 1, '1296680107225706498', '2020-08-21 21:04:37', '1296680107225706498', '2020-08-21 21:04:37', NULL, '1300344451876577281', 'datetime', '日期控件', 6);
INSERT INTO `sys_dict_item` VALUES ('1300708143558328322', 1, '1296680107225706498', '2020-08-21 21:04:37', '1296680107225706498', '2020-08-21 21:04:37', NULL, '1300708138781016066', 'char', '字符串', 1);
INSERT INTO `sys_dict_item` VALUES ('1300708156141240321', 1, '1296680107225706498', '2020-08-21 21:04:37', '1296680107225706498', '2020-08-21 21:04:37', NULL, '1300708138781016066', 'number', '数值', 2);
INSERT INTO `sys_dict_item` VALUES ('1300708160343932930', 1, '1296680107225706498', '2020-08-21 21:04:37', '1296680107225706498', '2020-08-21 21:04:37', NULL, '1300708138781016066', 'date', '日期', 3);
INSERT INTO `sys_dict_item` VALUES ('1300708164542431234', 1, '1296680107225706498', '2020-08-21 21:04:37', '1296680107225706498', '2020-08-21 21:04:37', NULL, '1300708138781016066', 'clob', '长文本', 4);
INSERT INTO `sys_dict_item` VALUES ('1301041851154833410', 1, '1296680107225706498', '2020-08-21 21:04:37', '1296680107225706498', '2020-08-21 21:04:37', NULL, '1301041843055632386', 'tinyint', 'tinyint整型', 1);
INSERT INTO `sys_dict_item` VALUES ('1301041854644494338', 1, '1296680107225706498', '2020-08-21 21:04:37', '1296680107225706498', '2020-08-21 21:04:37', NULL, '1301041843055632386', 'int', 'int整型', 2);
INSERT INTO `sys_dict_item` VALUES ('1301041857957994497', 1, '1296680107225706498', '2020-08-21 21:04:37', '1296680107225706498', '2020-08-21 21:04:37', NULL, '1301041843055632386', 'bigint', 'bigint整型', 3);
INSERT INTO `sys_dict_item` VALUES ('1301041860990476290', 1, '1296680107225706498', '2020-08-21 21:04:37', '1296680107225706498', '2020-08-21 21:04:37', NULL, '1301041843055632386', 'float', '单精度', 4);
INSERT INTO `sys_dict_item` VALUES ('1301041864538857474', 1, '1296680107225706498', '2020-08-21 21:04:37', '1296680107225706498', '2020-08-21 21:04:37', NULL, '1301041843055632386', 'double', '双精度', 5);
INSERT INTO `sys_dict_item` VALUES ('1301041867428732929', 1, '1296680107225706498', '2020-08-21 21:04:37', '1296680107225706498', '2020-08-21 21:04:37', NULL, '1301041843055632386', 'decimal', '定点数', 6);
INSERT INTO `sys_dict_item` VALUES ('1301041870465409025', 1, '1296680107225706498', '2020-08-21 21:04:37', '1296680107225706498', '2020-08-21 21:04:37', NULL, '1301041843055632386', 'char', '定长字符串', 7);
INSERT INTO `sys_dict_item` VALUES ('1301041873263009793', 1, '1296680107225706498', '2020-08-21 21:04:37', '1296680107225706498', '2020-08-21 21:04:37', NULL, '1301041843055632386', 'varchar', '变长字符串', 8);
INSERT INTO `sys_dict_item` VALUES ('1301041875733454849', 1, '1296680107225706498', '2020-08-21 21:04:37', '1296680107225706498', '2020-08-21 21:04:37', NULL, '1301041843055632386', 'text', '长文本', 9);
INSERT INTO `sys_dict_item` VALUES ('1301041878837239810', 1, '1296680107225706498', '2020-08-21 21:04:37', '1296680107225706498', '2020-08-21 21:04:37', NULL, '1301041843055632386', 'date', 'date日期', 10);
INSERT INTO `sys_dict_item` VALUES ('1301041882624696322', 1, '1296680107225706498', '2020-08-21 21:04:37', '1296680107225706498', '2020-08-21 21:04:37', NULL, '1301041843055632386', 'time', 'time日期', 11);
INSERT INTO `sys_dict_item` VALUES ('1301041884780568578', 1, '1296680107225706498', '2020-08-21 21:04:37', '1296680107225706498', '2020-08-21 21:04:37', NULL, '1301041843055632386', 'year', 'year日期', 12);
INSERT INTO `sys_dict_item` VALUES ('1301041887540420609', 1, '1296680107225706498', '2020-08-21 21:04:37', '1296680107225706498', '2020-08-21 21:04:37', NULL, '1301041843055632386', 'datetime', 'datetime日期', 13);
INSERT INTO `sys_dict_item` VALUES ('1302079329039069185', 1, '1296680107225706498', '2020-08-21 21:04:37', '1296680107225706498', '2020-08-21 21:04:37', NULL, '1300344451876577281', 'number', '数字值', 7);
INSERT INTO `sys_dict_item` VALUES ('1309001150548160514', 1, '1296680107225706498', '2020-08-21 21:04:37', '1296680107225706498', '2020-08-21 21:04:37', NULL, '1309001146932670465', '1', '待提交', 1);
INSERT INTO `sys_dict_item` VALUES ('1309001154742464514', 1, '1296680107225706498', '2020-08-21 21:04:37', '1296680107225706498', '2020-08-21 21:04:37', NULL, '1309001146932670465', '2', '已退回', 2);
INSERT INTO `sys_dict_item` VALUES ('1309001158517338114', 1, '1296680107225706498', '2020-08-21 21:04:37', '1296680107225706498', '2020-08-21 21:04:37', NULL, '1309001146932670465', '3', '审核中', 3);
INSERT INTO `sys_dict_item` VALUES ('1309001162443206658', 1, '1296680107225706498', '2020-08-21 21:04:37', '1296680107225706498', '2020-08-21 21:04:37', NULL, '1309001146932670465', '4', '通过', 4);
INSERT INTO `sys_dict_item` VALUES ('1309001165593128962', 1, '1296680107225706498', '2020-08-21 21:04:37', '1296680107225706498', '2020-08-21 21:04:37', NULL, '1309001146932670465', '5', '不通过', 5);
INSERT INTO `sys_dict_item` VALUES ('1309001167749001218', 1, '1296680107225706498', '2020-08-21 21:04:37', '1296680107225706498', '2020-08-21 21:04:37', NULL, '1309001146932670465', '6', '已撤销', 6);
INSERT INTO `sys_dict_item` VALUES ('1310494837983784962', 1, '1296680107225706498', '2020-08-21 21:04:37', '1296680107225706498', '2020-08-21 21:04:37', NULL, '1310494826919211009', '0', '未对照', 1);
INSERT INTO `sys_dict_item` VALUES ('1310494841284702210', 1, '1296680107225706498', '2020-08-21 21:04:37', '1296680107225706498', '2020-08-21 21:04:37', NULL, '1310494826919211009', '1', '已对照', 2);
COMMIT;

-- ----------------------------
-- Table structure for sys_log
-- ----------------------------
DROP TABLE IF EXISTS `sys_log`;
CREATE TABLE `sys_log` (
  `id` varchar(50) CHARACTER SET utf8mb4 COLLATE utf8mb4_general_ci NOT NULL COMMENT '日志主键ID',
  `module` varchar(50) CHARACTER SET utf8mb4 COLLATE utf8mb4_general_ci DEFAULT NULL COMMENT '所属模块',
  `title` varchar(50) CHARACTER SET utf8mb4 COLLATE utf8mb4_general_ci DEFAULT NULL COMMENT '日志标题',
  `user_id` varchar(50) CHARACTER SET utf8mb4 COLLATE utf8mb4_general_ci DEFAULT NULL COMMENT '用户ID',
  `user_name` varchar(50) CHARACTER SET utf8mb4 COLLATE utf8mb4_general_ci DEFAULT NULL COMMENT '用户名称',
  `remote_addr` varchar(50) CHARACTER SET utf8mb4 COLLATE utf8mb4_general_ci DEFAULT NULL COMMENT '请求IP',
  `request_uri` varchar(50) CHARACTER SET utf8mb4 COLLATE utf8mb4_general_ci DEFAULT NULL COMMENT '请求URI',
  `class_name` varchar(255) CHARACTER SET utf8mb4 COLLATE utf8mb4_general_ci DEFAULT NULL COMMENT '方法类名',
  `method_name` varchar(50) CHARACTER SET utf8mb4 COLLATE utf8mb4_general_ci DEFAULT NULL COMMENT '方法名称',
  `params` varchar(2000) CHARACTER SET utf8mb4 COLLATE utf8mb4_general_ci DEFAULT NULL COMMENT '请求参数',
  `time` varchar(50) CHARACTER SET utf8mb4 COLLATE utf8mb4_general_ci DEFAULT NULL COMMENT '请求耗时',
  `browser` varchar(50) CHARACTER SET utf8mb4 COLLATE utf8mb4_general_ci DEFAULT NULL COMMENT '浏览器名称',
  `os` varchar(50) CHARACTER SET utf8mb4 COLLATE utf8mb4_general_ci DEFAULT NULL COMMENT '操作系统',
  `ex_code` varchar(255) CHARACTER SET utf8mb4 COLLATE utf8mb4_general_ci DEFAULT NULL COMMENT '错误类型',
  `ex_msg` varchar(2000) CHARACTER SET utf8mb4 COLLATE utf8mb4_general_ci DEFAULT NULL COMMENT '错误信息',
  `create_time` datetime DEFAULT NULL COMMENT '创建日期',
  PRIMARY KEY (`id`) USING BTREE
) ENGINE=InnoDB DEFAULT CHARSET=utf8mb4 COLLATE=utf8mb4_general_ci ROW_FORMAT=DYNAMIC COMMENT='日志信息表';

-- ----------------------------
-- Records of sys_log
-- ----------------------------
BEGIN;
INSERT INTO `sys_log` VALUES ('1265261406136143873', 'datax-service-system', '根据id获取用户详细信息', '1214835832967581698', 'admin', '192.168.0.107', '/users/1214835832967581698', 'cn.datax.service.system.controller.UserController', 'getUserById', '', '15', 'Chrome', 'Windows 10 or Windows Server 2016', NULL, NULL, '2020-05-26 20:40:01');
INSERT INTO `sys_log` VALUES ('1265261962695118849', 'datax-service-system', '根据id获取用户详细信息', '1214835832967581698', 'admin', '192.168.0.107', '/users/1214835832967581698', 'cn.datax.service.system.controller.UserController', 'getUserById', '', '16', 'Chrome', 'Windows 10 or Windows Server 2016', NULL, NULL, '2020-05-26 20:42:14');
INSERT INTO `sys_log` VALUES ('1265263362518913026', 'datax-service-system', '根据id获取用户详细信息', '1214835832967581698', 'admin', '192.168.0.107', '/users/1214835832967581698', 'cn.datax.service.system.controller.UserController', 'getUserById', '', '32', 'Chrome', 'Windows 10 or Windows Server 2016', NULL, NULL, '2020-05-26 20:47:48');
INSERT INTO `sys_log` VALUES ('1265263766308753410', 'datax-service-system', '根据id获取用户详细信息', '1214835832967581698', 'admin', '192.168.0.107', '/users/1214835832967581698', 'cn.datax.service.system.controller.UserController', 'getUserById', '', '11', 'Chrome', 'Windows 10 or Windows Server 2016', NULL, NULL, '2020-05-26 20:49:24');
INSERT INTO `sys_log` VALUES ('1265263890720198657', 'datax-service-system', '根据id获取用户详细信息', '1214835832967581698', 'admin', '192.168.0.107', '/users/1214835832967581698', 'cn.datax.service.system.controller.UserController', 'getUserById', '', '15', 'Chrome', 'Windows 10 or Windows Server 2016', NULL, NULL, '2020-05-26 20:49:54');
INSERT INTO `sys_log` VALUES ('1265265416712851457', 'datax-service-system', '根据id获取用户详细信息', '1214835832967581698', 'admin', '192.168.0.107', '/users/1214835832967581698', 'cn.datax.service.system.controller.UserController', 'getUserById', '', '14', 'Chrome', 'Windows 10 or Windows Server 2016', NULL, NULL, '2020-05-26 20:55:57');
INSERT INTO `sys_log` VALUES ('1265265809526198274', 'datax-service-system', '根据id获取用户详细信息', '1214835832967581698', 'admin', '192.168.0.107', '/users/1214835832967581698', 'cn.datax.service.system.controller.UserController', 'getUserById', '', '20', 'Chrome', 'Windows 10 or Windows Server 2016', NULL, NULL, '2020-05-26 20:57:31');
INSERT INTO `sys_log` VALUES ('1265267017112457218', 'datax-service-system', '根据id获取用户详细信息', '1214835832967581698', 'admin', '192.168.0.107', '/users/1214835832967581698', 'cn.datax.service.system.controller.UserController', 'getUserById', '', '20', 'Chrome', 'Windows 10 or Windows Server 2016', NULL, NULL, '2020-05-26 21:02:19');
INSERT INTO `sys_log` VALUES ('1265267219084972034', 'datax-service-system', '根据id获取用户详细信息', '1214835832967581698', 'admin', '192.168.0.107', '/users/1214835832967581698', 'cn.datax.service.system.controller.UserController', 'getUserById', '', '28', 'Chrome', 'Windows 10 or Windows Server 2016', NULL, NULL, '2020-05-26 21:03:07');
INSERT INTO `sys_log` VALUES ('1265267267982168065', 'datax-service-system', '根据id获取用户详细信息', '1214835832967581698', 'admin', '192.168.0.107', '/users/1214835832967581698', 'cn.datax.service.system.controller.UserController', 'getUserById', '', '19', 'Chrome', 'Windows 10 or Windows Server 2016', NULL, NULL, '2020-05-26 21:03:19');
INSERT INTO `sys_log` VALUES ('1265267809718472706', 'datax-service-system', '根据id获取用户详细信息', '1214835832967581698', 'admin', '192.168.0.107', '/users/1214835832967581698', 'cn.datax.service.system.controller.UserController', 'getUserById', '', '12', 'Chrome', 'Windows 10 or Windows Server 2016', NULL, NULL, '2020-05-26 21:05:28');
INSERT INTO `sys_log` VALUES ('1265268643084734465', 'datax-service-system', '根据id获取用户详细信息', '1214835832967581698', 'admin', '192.168.0.107', '/users/1214835832967581698', 'cn.datax.service.system.controller.UserController', 'getUserById', '', '21', 'Chrome', 'Windows 10 or Windows Server 2016', NULL, NULL, '2020-05-26 21:08:47');
INSERT INTO `sys_log` VALUES ('1265270421033422849', 'datax-service-system', '根据id获取用户详细信息', '1214835832967581698', 'admin', '192.168.0.107', '/users/1214835832967581698', 'cn.datax.service.system.controller.UserController', 'getUserById', '', '15', 'Chrome', 'Windows 10 or Windows Server 2016', NULL, NULL, '2020-05-26 21:15:51');
INSERT INTO `sys_log` VALUES ('1265272879650541569', 'datax-service-system', '根据id获取用户详细信息', '1214835832967581698', 'admin', '192.168.0.107', '/users/1214835832967581698', 'cn.datax.service.system.controller.UserController', 'getUserById', '', '18', 'Chrome', 'Windows 10 or Windows Server 2016', NULL, NULL, '2020-05-26 21:25:37');
INSERT INTO `sys_log` VALUES ('1265273650702028802', 'datax-service-system', '根据id获取用户详细信息', '1214835832967581698', 'admin', '192.168.0.107', '/users/1214835832967581698', 'cn.datax.service.system.controller.UserController', 'getUserById', '', '22', 'Chrome', 'Windows 10 or Windows Server 2016', NULL, NULL, '2020-05-26 21:28:41');
INSERT INTO `sys_log` VALUES ('1265273816318316546', 'datax-service-system', '根据id获取用户详细信息', '1214835832967581698', 'admin', '192.168.0.107', '/users/1214835832967581698', 'cn.datax.service.system.controller.UserController', 'getUserById', '', '15', 'Chrome', 'Windows 10 or Windows Server 2016', NULL, NULL, '2020-05-26 21:29:20');
INSERT INTO `sys_log` VALUES ('1265274458134908929', 'datax-service-system', '根据id获取用户详细信息', '1214835832967581698', 'admin', '192.168.0.107', '/users/1214835832967581698', 'cn.datax.service.system.controller.UserController', 'getUserById', '', '19', 'Chrome', 'Windows 10 or Windows Server 2016', NULL, NULL, '2020-05-26 21:31:53');
INSERT INTO `sys_log` VALUES ('1265274502791663618', 'datax-service-system', '根据id获取用户详细信息', '1214835832967581698', 'admin', '192.168.0.107', '/users/1214835832967581698', 'cn.datax.service.system.controller.UserController', 'getUserById', '', '31', 'Chrome', 'Windows 10 or Windows Server 2016', NULL, NULL, '2020-05-26 21:32:04');
INSERT INTO `sys_log` VALUES ('1265274557405696002', 'datax-service-system', '根据id获取用户详细信息', '1214835832967581698', 'admin', '192.168.0.107', '/users/1214835832967581698', 'cn.datax.service.system.controller.UserController', 'getUserById', '', '8', 'Chrome', 'Windows 10 or Windows Server 2016', NULL, NULL, '2020-05-26 21:32:17');
INSERT INTO `sys_log` VALUES ('1265274576221343745', 'datax-service-system', '根据id获取用户详细信息', '1214835832967581698', 'admin', '192.168.0.107', '/users/1214835832967581698', 'cn.datax.service.system.controller.UserController', 'getUserById', '', '13', 'Chrome', 'Windows 10 or Windows Server 2016', NULL, NULL, '2020-05-26 21:32:21');
INSERT INTO `sys_log` VALUES ('1265274629749051393', 'datax-service-system', '根据id获取用户详细信息', '1214835832967581698', 'admin', '192.168.0.107', '/users/1214835832967581698', 'cn.datax.service.system.controller.UserController', 'getUserById', '', '97', 'Chrome', 'Windows 10 or Windows Server 2016', NULL, NULL, '2020-05-26 21:32:34');
INSERT INTO `sys_log` VALUES ('1265274945081020418', 'datax-service-system', '根据id获取用户详细信息', '1214835832967581698', 'admin', '192.168.0.107', '/users/1265274861165580290', 'cn.datax.service.system.controller.UserController', 'getUserById', '', '17', 'Chrome', 'Windows 10 or Windows Server 2016', NULL, NULL, '2020-05-26 21:33:49');
INSERT INTO `sys_log` VALUES ('1265627232303353857', 'datax-service-system', '根据id获取用户详细信息', '1214835832967581698', 'admin', '192.168.0.107', '/users/1214835832967581698', 'cn.datax.service.system.controller.UserController', 'getUserById', '', '14', 'Chrome', 'Windows 10 or Windows Server 2016', NULL, NULL, '2020-05-27 20:53:41');
INSERT INTO `sys_log` VALUES ('1265632019614830594', 'datax-service-system', '根据id获取用户详细信息', '1214835832967581698', 'admin', '192.168.0.107', '/users/1214835832967581698', 'cn.datax.service.system.controller.UserController', 'getUserById', '', '17', 'Chrome', 'Windows 10 or Windows Server 2016', NULL, NULL, '2020-05-27 21:12:42');
INSERT INTO `sys_log` VALUES ('1265637282912702465', 'datax-service-system', '根据id获取用户详细信息', '1214835832967581698', 'admin', '192.168.0.107', '/users/1214835832967581698', 'cn.datax.service.system.controller.UserController', 'getUserById', '', '26', 'Chrome', 'Windows 10 or Windows Server 2016', NULL, NULL, '2020-05-27 21:33:37');
INSERT INTO `sys_log` VALUES ('1265640522375008258', 'datax-service-system', '根据id获取用户详细信息', '1214835832967581698', 'admin', '192.168.0.107', '/users/1214835832967581698', 'cn.datax.service.system.controller.UserController', 'getUserById', '', '19', 'Chrome', 'Windows 10 or Windows Server 2016', NULL, NULL, '2020-05-27 21:46:30');
INSERT INTO `sys_log` VALUES ('1265976846751682562', 'datax-service-system', '根据id获取用户详细信息', '1214835832967581698', 'admin', '192.168.0.107', '/users/1265274861165580290', 'cn.datax.service.system.controller.UserController', 'getUserById', '', '15', 'Chrome', 'Windows 10 or Windows Server 2016', NULL, NULL, '2020-05-28 20:02:56');
INSERT INTO `sys_log` VALUES ('1265978978921926658', 'datax-service-system', '根据id获取用户详细信息', '1214835832967581698', 'admin', '192.168.0.107', '/users/1265274861165580290', 'cn.datax.service.system.controller.UserController', 'getUserById', '', '16', 'Chrome', 'Windows 10 or Windows Server 2016', NULL, NULL, '2020-05-28 20:11:24');
INSERT INTO `sys_log` VALUES ('1265979289124261890', 'datax-service-system', '根据id获取用户详细信息', '1214835832967581698', 'admin', '192.168.0.107', '/users/1214835832967581698', 'cn.datax.service.system.controller.UserController', 'getUserById', '', '18', 'Chrome', 'Windows 10 or Windows Server 2016', NULL, NULL, '2020-05-28 20:12:38');
INSERT INTO `sys_log` VALUES ('1265979380824330242', 'datax-service-system', '根据id获取用户详细信息', '1214835832967581698', 'admin', '192.168.0.107', '/users/1214835832967581698', 'cn.datax.service.system.controller.UserController', 'getUserById', '', '24', 'Chrome', 'Windows 10 or Windows Server 2016', NULL, NULL, '2020-05-28 20:13:00');
INSERT INTO `sys_log` VALUES ('1265980102571773954', 'datax-service-system', '根据id获取用户详细信息', '1214835832967581698', 'admin', '192.168.0.107', '/users/1214835832967581698', 'cn.datax.service.system.controller.UserController', 'getUserById', '', '19', 'Chrome', 'Windows 10 or Windows Server 2016', NULL, NULL, '2020-05-28 20:15:52');
INSERT INTO `sys_log` VALUES ('1265980125481062402', 'datax-service-system', '根据id获取用户详细信息', '1214835832967581698', 'admin', '192.168.0.107', '/users/1214835832967581698', 'cn.datax.service.system.controller.UserController', 'getUserById', '', '31', 'Chrome', 'Windows 10 or Windows Server 2016', NULL, NULL, '2020-05-28 20:15:57');
INSERT INTO `sys_log` VALUES ('1265980311502639105', 'datax-service-system', '根据id获取用户详细信息', '1214835832967581698', 'admin', '192.168.0.107', '/users/1214835832967581698', 'cn.datax.service.system.controller.UserController', 'getUserById', '', '29', 'Chrome', 'Windows 10 or Windows Server 2016', NULL, NULL, '2020-05-28 20:16:42');
INSERT INTO `sys_log` VALUES ('1265980577702531074', 'datax-service-system', '根据id获取用户详细信息', '1214835832967581698', 'admin', '192.168.0.107', '/users/1214835832967581698', 'cn.datax.service.system.controller.UserController', 'getUserById', '', '21', 'Chrome', 'Windows 10 or Windows Server 2016', NULL, NULL, '2020-05-28 20:17:45');
INSERT INTO `sys_log` VALUES ('1265981370732171265', 'datax-service-system', '根据id获取用户详细信息', '1214835832967581698', 'admin', '192.168.0.107', '/users/1214835832967581698', 'cn.datax.service.system.controller.UserController', 'getUserById', '', '14', 'Chrome', 'Windows 10 or Windows Server 2016', NULL, NULL, '2020-05-28 20:20:54');
INSERT INTO `sys_log` VALUES ('1265981831040258049', 'datax-service-system', '根据id获取用户详细信息', '1214835832967581698', 'admin', '192.168.0.107', '/users/1214835832967581698', 'cn.datax.service.system.controller.UserController', 'getUserById', '', '13', 'Chrome', 'Windows 10 or Windows Server 2016', NULL, NULL, '2020-05-28 20:22:44');
INSERT INTO `sys_log` VALUES ('1265981907770855426', 'datax-service-system', '根据id获取用户详细信息', '1214835832967581698', 'admin', '192.168.0.107', '/users/1265274861165580290', 'cn.datax.service.system.controller.UserController', 'getUserById', '', '23', 'Chrome', 'Windows 10 or Windows Server 2016', NULL, NULL, '2020-05-28 20:23:02');
INSERT INTO `sys_log` VALUES ('1265982263682715650', 'datax-service-system', '根据id获取用户详细信息', '1214835832967581698', 'admin', '192.168.0.107', '/users/1265274861165580290', 'cn.datax.service.system.controller.UserController', 'getUserById', '', '19', 'Chrome', 'Windows 10 or Windows Server 2016', NULL, NULL, '2020-05-28 20:24:27');
INSERT INTO `sys_log` VALUES ('1265982404875571202', 'datax-service-system', '根据id获取用户详细信息', '1214835832967581698', 'admin', '192.168.0.107', '/users/1265274861165580290', 'cn.datax.service.system.controller.UserController', 'getUserById', '', '18', 'Chrome', 'Windows 10 or Windows Server 2016', NULL, NULL, '2020-05-28 20:25:01');
INSERT INTO `sys_log` VALUES ('1265982486152794113', 'datax-service-system', '根据id获取用户详细信息', '1214835832967581698', 'admin', '192.168.0.107', '/users/1265274861165580290', 'cn.datax.service.system.controller.UserController', 'getUserById', '', '34', 'Chrome', 'Windows 10 or Windows Server 2016', NULL, NULL, '2020-05-28 20:25:20');
INSERT INTO `sys_log` VALUES ('1265982592616812545', 'datax-service-system', '根据id获取用户详细信息', '1214835832967581698', 'admin', '192.168.0.107', '/users/1265274861165580290', 'cn.datax.service.system.controller.UserController', 'getUserById', '', '19', 'Chrome', 'Windows 10 or Windows Server 2016', NULL, NULL, '2020-05-28 20:25:46');
INSERT INTO `sys_log` VALUES ('1266361799507185665', 'datax-service-system', '根据id获取用户详细信息', '1214835832967581698', 'admin', '192.168.0.107', '/users/1214835832967581698', 'cn.datax.service.system.controller.UserController', 'getUserById', '', '14', 'Chrome', 'Windows 10 or Windows Server 2016', NULL, NULL, '2020-05-29 21:32:36');
INSERT INTO `sys_log` VALUES ('1267085228254515202', 'datax-service-system', '根据id获取用户详细信息', '1214835832967581698', 'admin', '192.168.0.107', '/users/1214835832967581698', 'cn.datax.service.system.controller.UserController', 'getUserById', '', '23', 'Chrome', 'Windows 10 or Windows Server 2016', NULL, NULL, '2020-05-31 21:27:14');
INSERT INTO `sys_log` VALUES ('1272863883182260226', 'datax-service-system', '根据id获取用户详细信息', '1214835832967581698', 'admin', '192.168.0.107', '/users/1214835832967581698', 'cn.datax.service.system.controller.UserController', 'getUserById', '', '14', 'Chrome', 'Windows 10 or Windows Server 2016', NULL, NULL, '2020-06-16 20:09:33');
INSERT INTO `sys_log` VALUES ('1272863961049513985', 'datax-service-system', '根据id获取用户详细信息', '1214835832967581698', 'admin', '192.168.0.107', '/users/1214835832967581698', 'cn.datax.service.system.controller.UserController', 'getUserById', '', '20', 'Chrome', 'Windows 10 or Windows Server 2016', NULL, NULL, '2020-06-16 20:09:52');
INSERT INTO `sys_log` VALUES ('1273599081343668226', 'datax-service-system', '根据id获取用户详细信息', '1214835832967581698', 'admin', '192.168.0.107', '/users/1214835832967581698', 'cn.datax.service.system.controller.UserController', 'getUserById', '', '15', 'Chrome', 'Windows 10 or Windows Server 2016', NULL, NULL, '2020-06-18 20:50:58');
INSERT INTO `sys_log` VALUES ('1278163103812476930', 'datax-service-system', '根据id获取用户详细信息', '1214835832967581698', 'admin', '192.168.0.107', '/users/1214835832967581698', 'cn.datax.service.system.controller.UserController', 'getUserById', '{\"id\":\"1214835832967581698\"}', '14', 'Chrome', 'Windows 10 or Windows Server 2016', NULL, NULL, '2020-07-01 11:06:46');
INSERT INTO `sys_log` VALUES ('1278516062761086977', 'datax-service-system', '根据id获取用户详细信息', '1214835832967581698', 'admin', '192.168.0.107', '/users/1214835832967581698', 'cn.datax.service.system.controller.UserController', 'getUserById', '{\"id\":\"1214835832967581698\"}', '16', 'Chrome', 'Windows 10 or Windows Server 2016', NULL, NULL, '2020-07-02 10:29:18');
INSERT INTO `sys_log` VALUES ('1278520069550338050', 'datax-service-system', '根据id获取用户详细信息', '1214835832967581698', 'admin', '192.168.0.107', '/users/1214835832967581698', 'cn.datax.service.system.controller.UserController', 'getUserById', '{\"id\":\"1214835832967581698\"}', '16', 'Chrome', 'Windows 10 or Windows Server 2016', NULL, NULL, '2020-07-02 10:45:13');
INSERT INTO `sys_log` VALUES ('1319093199947554818', 'datax-service-system', '根据id获取用户详细信息', '1319084968579817473', 'ls', '192.168.2.187', '/users/1319084615276814337', 'cn.datax.service.system.controller.UserController', 'getUserById', '{\"id\":\"1319084615276814337\"}', '30', 'Chrome', 'Windows 10 or Windows Server 2016', NULL, NULL, '2020-10-22 09:48:21');
INSERT INTO `sys_log` VALUES ('1321736221868789762', 'datax-service-system', '根据id获取用户详细信息', '1214835832967581698', 'admin', '192.168.2.187', '/users/1214835832967581698', 'cn.datax.service.system.controller.UserController', 'getUserById', '{\"id\":\"1214835832967581698\"}', '81', 'Chrome', 'Windows 10 or Windows Server 2016', NULL, NULL, '2020-10-29 16:50:47');
INSERT INTO `sys_log` VALUES ('1321736248678780929', 'datax-service-system', '根据id获取用户详细信息', '1214835832967581698', 'admin', '192.168.2.187', '/users/1214835832967581698', 'cn.datax.service.system.controller.UserController', 'getUserById', '{\"id\":\"1214835832967581698\"}', '31', 'Chrome', 'Windows 10 or Windows Server 2016', NULL, NULL, '2020-10-29 16:50:53');
INSERT INTO `sys_log` VALUES ('1321736734307880961', 'datax-service-system', '根据id获取用户详细信息', '1214835832967581698', 'admin', '192.168.2.187', '/users/1214835832967581698', 'cn.datax.service.system.controller.UserController', 'getUserById', '{\"id\":\"1214835832967581698\"}', '34', 'Chrome', 'Windows 10 or Windows Server 2016', NULL, NULL, '2020-10-29 16:52:49');
INSERT INTO `sys_log` VALUES ('1335762100828164097', 'datax-service-system', '根据id获取用户详细信息', '1214835832967581698', 'admin', '192.168.30.11', '/users/1335761402136809473', 'cn.datax.service.system.controller.UserController', 'getUserById', '{\"id\":\"1335761402136809473\"}', '96', 'Chrome', 'Windows 10 or Windows Server 2016', NULL, NULL, '2020-12-07 09:44:37');
INSERT INTO `sys_log` VALUES ('1335762124542758914', 'datax-service-system', '根据id获取用户详细信息', '1214835832967581698', 'admin', '192.168.30.11', '/users/1335761402136809473', 'cn.datax.service.system.controller.UserController', 'getUserById', '{\"id\":\"1335761402136809473\"}', '103', 'Chrome', 'Windows 10 or Windows Server 2016', NULL, NULL, '2020-12-07 09:44:42');
INSERT INTO `sys_log` VALUES ('1335762217010384897', 'datax-service-system', '根据id获取用户详细信息', '1214835832967581698', 'admin', '192.168.30.11', '/users/1335761402136809473', 'cn.datax.service.system.controller.UserController', 'getUserById', '{\"id\":\"1335761402136809473\"}', '102', 'Chrome', 'Windows 10 or Windows Server 2016', NULL, NULL, '2020-12-07 09:45:04');
INSERT INTO `sys_log` VALUES ('1590637786234052609', 'bigData-service-system', '根据id获取用户详细信息', '1214835832967581698', 'admin', '127.0.0.1', '/users/1214835832967581698', 'com.bigData.service.system.controller.UserController', 'getUserById', '{\"id\":\"1214835832967581698\"}', '38', 'Chrome', 'OSX', NULL, NULL, '2022-11-10 17:29:36');
COMMIT;

-- ----------------------------
-- Table structure for sys_login_log
-- ----------------------------
DROP TABLE IF EXISTS `sys_login_log`;
CREATE TABLE `sys_login_log` (
  `id` varchar(50) CHARACTER SET utf8mb4 COLLATE utf8mb4_general_ci NOT NULL COMMENT '主键ID',
  `op_os` varchar(255) CHARACTER SET utf8mb4 COLLATE utf8mb4_general_ci DEFAULT NULL COMMENT '操作系统',
  `op_browser` varchar(255) CHARACTER SET utf8mb4 COLLATE utf8mb4_general_ci DEFAULT NULL COMMENT '浏览器类型',
  `op_ip` varchar(255) CHARACTER SET utf8mb4 COLLATE utf8mb4_general_ci DEFAULT NULL COMMENT '登录IP地址',
  `op_date` datetime DEFAULT NULL COMMENT '登录时间',
  `user_id` varchar(50) CHARACTER SET utf8mb4 COLLATE utf8mb4_general_ci DEFAULT NULL COMMENT '登录用户ID',
  `user_name` varchar(50) CHARACTER SET utf8mb4 COLLATE utf8mb4_general_ci DEFAULT NULL COMMENT '登录用户名称',
  PRIMARY KEY (`id`) USING BTREE
) ENGINE=InnoDB DEFAULT CHARSET=utf8mb4 COLLATE=utf8mb4_general_ci ROW_FORMAT=DYNAMIC COMMENT='登录日志信息表';

-- ----------------------------
-- Records of sys_login_log
-- ----------------------------
BEGIN;
INSERT INTO `sys_login_log` VALUES ('1346331863834681345', 'Windows 10', 'Chrome 8', '0:0:0:0:0:0:0:1%0', '2021-01-05 13:45:05', '1214835832967581698', 'admin');
INSERT INTO `sys_login_log` VALUES ('1346375822271246337', 'Windows 10', 'Chrome 8', '127.0.0.1', '2021-01-05 16:39:45', '1214835832967581698', 'admin');
INSERT INTO `sys_login_log` VALUES ('1346377057556688898', 'Windows 10', 'Chrome 8', '0:0:0:0:0:0:0:1%0', '2021-01-05 16:44:40', '1214835832967581698', 'admin');
INSERT INTO `sys_login_log` VALUES ('1346377788481269761', 'Windows 10', 'Chrome 8', '0:0:0:0:0:0:0:1%0', '2021-01-05 16:47:34', '1214835832967581698', 'admin');
INSERT INTO `sys_login_log` VALUES ('1346386803638595585', 'Mac OS X', 'Chrome 8', '127.0.0.1', '2021-01-05 17:23:23', '1214835832967581698', 'admin');
INSERT INTO `sys_login_log` VALUES ('1346388199251308545', 'Mac OS X', 'Chrome 8', '0:0:0:0:0:0:0:1%0', '2021-01-05 17:28:56', '1214835832967581698', 'admin');
INSERT INTO `sys_login_log` VALUES ('1346770486128177154', 'Mac OS X', 'Chrome 8', '0:0:0:0:0:0:0:1%0', '2021-01-06 18:48:00', '1214835832967581698', 'admin');
INSERT INTO `sys_login_log` VALUES ('1582636082741174274', 'Mac OS X', 'Chrome 10', '127.0.0.1', '2022-10-19 15:33:41', '1319084615276814337', 'zs');
INSERT INTO `sys_login_log` VALUES ('1583274115388276738', 'Mac OS X', 'Chrome 10', '127.0.0.1', '2022-10-21 09:49:00', '1214835832967581698', 'admin');
INSERT INTO `sys_login_log` VALUES ('1583336209387225089', 'Mac OS X', 'Chrome 10', '127.0.0.1', '2022-10-21 13:55:44', '1319084615276814337', 'zs');
INSERT INTO `sys_login_log` VALUES ('1583336377511706626', 'Mac OS X', 'Chrome 10', '127.0.0.1', '2022-10-21 13:56:24', '1214835832967581698', 'admin');
INSERT INTO `sys_login_log` VALUES ('1584727401353506817', 'Mac OS X', 'Chrome 10', '127.0.0.1', '2022-10-25 10:03:50', '1214835832967581698', 'admin');
INSERT INTO `sys_login_log` VALUES ('1590286991609241602', 'Mac OS X', 'Chrome 10', '127.0.0.1', '2022-11-09 18:15:40', '1214835832967581698', 'admin');
INSERT INTO `sys_login_log` VALUES ('1590636567436419073', 'Mac OS X', 'Chrome 10', '127.0.0.1', '2022-11-10 17:24:45', '1214835832967581698', 'admin');
INSERT INTO `sys_login_log` VALUES ('1592403024511950850', 'Mac OS X', 'Chrome 10', '127.0.0.1', '2022-11-15 14:24:01', '1214835832967581698', 'admin');
COMMIT;

-- ----------------------------
-- Table structure for sys_menu
-- ----------------------------
DROP TABLE IF EXISTS `sys_menu`;
CREATE TABLE `sys_menu` (
  `id` varchar(50) CHARACTER SET utf8mb4 COLLATE utf8mb4_general_ci NOT NULL COMMENT '主键ID',
  `parent_id` varchar(50) CHARACTER SET utf8mb4 COLLATE utf8mb4_general_ci DEFAULT NULL COMMENT '父资源ID',
  `menu_name` varchar(255) CHARACTER SET utf8mb4 COLLATE utf8mb4_general_ci DEFAULT NULL COMMENT '资源名称',
  `menu_path` varchar(255) CHARACTER SET utf8mb4 COLLATE utf8mb4_general_ci DEFAULT NULL COMMENT '对应路由path',
  `menu_component` varchar(255) CHARACTER SET utf8mb4 COLLATE utf8mb4_general_ci DEFAULT NULL COMMENT '对应路由组件component',
  `menu_redirect` varchar(255) CHARACTER SET utf8mb4 COLLATE utf8mb4_general_ci DEFAULT NULL COMMENT '对应路由默认跳转地址redirect',
  `menu_perms` varchar(255) CHARACTER SET utf8mb4 COLLATE utf8mb4_general_ci DEFAULT NULL COMMENT '权限标识',
  `menu_icon` varchar(255) CHARACTER SET utf8mb4 COLLATE utf8mb4_general_ci DEFAULT NULL COMMENT '图标',
  `menu_type` tinyint DEFAULT NULL COMMENT '类型（0模块，1菜单，2按钮）',
  `menu_code` varchar(255) CHARACTER SET utf8mb4 COLLATE utf8mb4_general_ci DEFAULT NULL COMMENT '资源编码',
  `menu_hidden` tinyint DEFAULT NULL COMMENT '资源隐藏（0否，1是）',
  `menu_sort` int DEFAULT NULL COMMENT '排序',
  `status` tinyint DEFAULT NULL COMMENT '状态（0不启用，1启用）',
  `create_by` varchar(50) CHARACTER SET utf8mb4 COLLATE utf8mb4_general_ci DEFAULT NULL COMMENT '创建人',
  `create_time` datetime DEFAULT NULL COMMENT '创建日期',
  `update_by` varchar(50) CHARACTER SET utf8mb4 COLLATE utf8mb4_general_ci DEFAULT NULL COMMENT '更新人',
  `update_time` datetime DEFAULT NULL COMMENT '更新日期',
  `remark` varchar(1000) CHARACTER SET utf8mb4 COLLATE utf8mb4_general_ci DEFAULT NULL COMMENT '备注',
  PRIMARY KEY (`id`) USING BTREE
) ENGINE=InnoDB DEFAULT CHARSET=utf8mb4 COLLATE=utf8mb4_general_ci ROW_FORMAT=DYNAMIC COMMENT='资源权限信息表';

-- ----------------------------
-- Records of sys_menu
-- ----------------------------
BEGIN;
INSERT INTO `sys_menu` VALUES ('1323439314692685825', '0', '平台基础设置', '/basic', 'Layout', '/basic/index', NULL, 'form', 0, '10', 0, 1, 1, '1214835832967581698', '2020-11-03 13:32:40', '1214835832967581698', '2020-11-03 13:32:40', NULL);
INSERT INTO `sys_menu` VALUES ('1323439318413033473', '1323439314692685825', '看板', 'index', '/basic/index', NULL, NULL, 'form', 1, NULL, 1, 1, 1, '1214835832967581698', '2020-11-03 13:32:40', '1214835832967581698', '2020-11-03 13:32:40', NULL);
INSERT INTO `sys_menu` VALUES ('1323439321634258945', '1323439314692685825', '系统管理', 'system', '/basic/system/index', '/basic/system/post', NULL, 'form', 0, '1010', 0, 2, 1, '1214835832967581698', '2020-11-03 13:32:40', '1214835832967581698', '2020-11-03 13:32:40', NULL);
INSERT INTO `sys_menu` VALUES ('1323439323769159681', '1323439321634258945', '岗位管理', 'post', '/basic/system/post/index', NULL, NULL, 'form', 1, '1011', 0, 1, 1, '1214835832967581698', '2020-11-03 13:32:40', '1214835832967581698', '2020-11-03 13:32:40', NULL);
INSERT INTO `sys_menu` VALUES ('1323439327296569346', '1323439323769159681', '岗位新增', NULL, NULL, NULL, 'system:post:add', NULL, 2, NULL, 0, 1, 1, '1214835832967581698', '2020-11-03 13:32:40', '1214835832967581698', '2020-11-03 13:32:40', NULL);
INSERT INTO `sys_menu` VALUES ('1323439329708294145', '1323439323769159681', '岗位修改', NULL, NULL, NULL, 'system:post:edit', NULL, 2, NULL, 0, 2, 1, '1214835832967581698', '2020-11-03 13:32:40', '1214835832967581698', '2020-11-03 13:32:40', NULL);
INSERT INTO `sys_menu` VALUES ('1323439332476534786', '1323439323769159681', '岗位详情', NULL, NULL, NULL, 'system:post:detail', NULL, 2, NULL, 0, 3, 1, '1214835832967581698', '2020-11-03 13:32:40', '1214835832967581698', '2020-11-03 13:32:40', NULL);
INSERT INTO `sys_menu` VALUES ('1323439336071053314', '1323439323769159681', '岗位删除', NULL, NULL, NULL, 'system:post:remove', NULL, 2, NULL, 0, 4, 1, '1214835832967581698', '2020-11-03 13:32:40', '1214835832967581698', '2020-11-03 13:32:40', NULL);
INSERT INTO `sys_menu` VALUES ('1323439338231119873', '1323439321634258945', '部门管理', 'dept', '/basic/system/dept/index', NULL, NULL, 'form', 1, '1012', 0, 2, 1, '1214835832967581698', '2020-11-03 13:32:40', '1214835832967581698', '2020-11-03 13:32:40', NULL);
INSERT INTO `sys_menu` VALUES ('1323439341569785858', '1323439338231119873', '部门新增', NULL, NULL, NULL, 'system:dept:add', NULL, 2, NULL, 0, 1, 1, '1214835832967581698', '2020-11-03 13:32:40', '1214835832967581698', '2020-11-03 13:32:40', NULL);
INSERT INTO `sys_menu` VALUES ('1323439344791011329', '1323439338231119873', '部门修改', NULL, NULL, NULL, 'system:dept:edit', NULL, 2, NULL, 0, 2, 1, '1214835832967581698', '2020-11-03 13:32:40', '1214835832967581698', '2020-11-03 13:32:40', NULL);
INSERT INTO `sys_menu` VALUES ('1323439348771405826', '1323439338231119873', '部门详情', NULL, NULL, NULL, 'system:dept:detail', NULL, 2, NULL, 0, 3, 1, '1214835832967581698', '2020-11-03 13:32:40', '1214835832967581698', '2020-11-03 13:32:40', NULL);
INSERT INTO `sys_menu` VALUES ('1323439351912939522', '1323439338231119873', '部门删除', NULL, NULL, NULL, 'system:dept:remove', NULL, 2, NULL, 0, 4, 1, '1214835832967581698', '2020-11-03 13:32:40', '1214835832967581698', '2020-11-03 13:32:40', NULL);
INSERT INTO `sys_menu` VALUES ('1323439355318714370', '1323439321634258945', '菜单管理', 'menu', '/basic/system/menu/index', NULL, NULL, 'form', 1, '1013', 0, 3, 1, '1214835832967581698', '2020-11-03 13:32:40', '1214835832967581698', '2020-11-03 13:32:40', NULL);
INSERT INTO `sys_menu` VALUES ('1323439359127142401', '1323439355318714370', '菜单新增', NULL, NULL, NULL, 'system:menu:add', NULL, 2, NULL, 0, 1, 1, '1214835832967581698', '2020-11-03 13:32:40', '1214835832967581698', '2020-11-03 13:32:40', NULL);
INSERT INTO `sys_menu` VALUES ('1323439362759409666', '1323439355318714370', '菜单修改', NULL, NULL, NULL, 'system:menu:edit', NULL, 2, NULL, 0, 2, 1, '1214835832967581698', '2020-11-03 13:32:40', '1214835832967581698', '2020-11-03 13:32:40', NULL);
INSERT INTO `sys_menu` VALUES ('1323439365372461057', '1323439355318714370', '菜单详情', NULL, NULL, NULL, 'system:menu:detail', NULL, 2, NULL, 0, 3, 1, '1214835832967581698', '2020-11-03 13:32:40', '1214835832967581698', '2020-11-03 13:32:40', NULL);
INSERT INTO `sys_menu` VALUES ('1323439367612219394', '1323439355318714370', '菜单删除', NULL, NULL, NULL, 'system:menu:remove', NULL, 2, NULL, 0, 4, 1, '1214835832967581698', '2020-11-03 13:32:40', '1214835832967581698', '2020-11-03 13:32:40', NULL);
INSERT INTO `sys_menu` VALUES ('1323439371785551873', '1323439321634258945', '角色管理', 'role', '/basic/system/role/index', NULL, NULL, 'form', 1, '1014', 0, 4, 1, '1214835832967581698', '2020-11-03 13:32:40', '1214835832967581698', '2020-11-03 13:32:40', NULL);
INSERT INTO `sys_menu` VALUES ('1323439375539453953', '1323439371785551873', '角色新增', NULL, NULL, NULL, 'system:role:add', NULL, 2, NULL, 0, 1, 1, '1214835832967581698', '2020-11-03 13:32:40', '1214835832967581698', '2020-11-03 13:32:40', NULL);
INSERT INTO `sys_menu` VALUES ('1323439378580324354', '1323439371785551873', '角色修改', NULL, NULL, NULL, 'system:role:edit', NULL, 2, NULL, 0, 2, 1, '1214835832967581698', '2020-11-03 13:32:40', '1214835832967581698', '2020-11-03 13:32:40', NULL);
INSERT INTO `sys_menu` VALUES ('1323439381906407425', '1323439371785551873', '角色详情', NULL, NULL, NULL, 'system:role:detail', NULL, 2, NULL, 0, 3, 1, '1214835832967581698', '2020-11-03 13:32:40', '1214835832967581698', '2020-11-03 13:32:40', NULL);
INSERT INTO `sys_menu` VALUES ('1323439384934694913', '1323439371785551873', '角色删除', NULL, NULL, NULL, 'system:role:remove', NULL, 2, NULL, 0, 4, 1, '1214835832967581698', '2020-11-03 13:32:40', '1214835832967581698', '2020-11-03 13:32:40', NULL);
INSERT INTO `sys_menu` VALUES ('1323439387669381121', '1323439321634258945', '用户管理', 'user', '/basic/system/user/index', NULL, NULL, 'form', 1, '1015', 0, 5, 1, '1214835832967581698', '2020-11-03 13:32:40', '1214835832967581698', '2020-11-03 13:32:40', NULL);
INSERT INTO `sys_menu` VALUES ('1323439390789943298', '1323439387669381121', '用户新增', NULL, NULL, NULL, 'system:user:add', NULL, 2, NULL, 0, 1, 1, '1214835832967581698', '2020-11-03 13:32:40', '1214835832967581698', '2020-11-03 13:32:40', NULL);
INSERT INTO `sys_menu` VALUES ('1323439393298137089', '1323439387669381121', '用户修改', NULL, NULL, NULL, 'system:user:edit', NULL, 2, NULL, 0, 2, 1, '1214835832967581698', '2020-11-03 13:32:40', '1214835832967581698', '2020-11-03 13:32:40', NULL);
INSERT INTO `sys_menu` VALUES ('1323439396758437890', '1323439387669381121', '用户详情', NULL, NULL, NULL, 'system:user:detail', NULL, 2, NULL, 0, 3, 1, '1214835832967581698', '2020-11-03 13:32:40', '1214835832967581698', '2020-11-03 13:32:40', NULL);
INSERT INTO `sys_menu` VALUES ('1323439399979663361', '1323439387669381121', '用户删除', NULL, NULL, NULL, 'system:user:remove', NULL, 2, NULL, 0, 4, 1, '1214835832967581698', '2020-11-03 13:32:40', '1214835832967581698', '2020-11-03 13:32:40', NULL);
INSERT INTO `sys_menu` VALUES ('1323439402764681218', '1323439387669381121', '重置密码', NULL, NULL, NULL, 'system:user:reset:password', NULL, 2, NULL, 0, 5, 1, '1214835832967581698', '2020-11-03 13:32:40', '1214835832967581698', '2020-11-03 13:32:40', NULL);
INSERT INTO `sys_menu` VALUES ('1323439406451474434', '1323439321634258945', '参数管理', 'config', '/basic/system/config/index', NULL, NULL, 'form', 1, '1016', 0, 6, 1, '1214835832967581698', '2020-11-03 13:32:40', '1214835832967581698', '2020-11-03 13:32:40', NULL);
INSERT INTO `sys_menu` VALUES ('1323439408812867585', '1323439406451474434', '参数新增', NULL, NULL, NULL, 'system:config:add', NULL, 2, NULL, 0, 1, 1, '1214835832967581698', '2020-11-03 13:32:40', '1214835832967581698', '2020-11-03 13:32:40', NULL);
INSERT INTO `sys_menu` VALUES ('1323439412055064578', '1323439406451474434', '参数修改', NULL, NULL, NULL, 'system:config:edit', NULL, 2, NULL, 0, 2, 1, '1214835832967581698', '2020-11-03 13:32:40', '1214835832967581698', '2020-11-03 13:32:40', NULL);
INSERT INTO `sys_menu` VALUES ('1323439415838326785', '1323439406451474434', '参数详情', NULL, NULL, NULL, 'system:config:detail', NULL, 2, NULL, 0, 3, 1, '1214835832967581698', '2020-11-03 13:32:40', '1214835832967581698', '2020-11-03 13:32:40', NULL);
INSERT INTO `sys_menu` VALUES ('1323439419256684545', '1323439406451474434', '参数删除', NULL, NULL, NULL, 'system:config:remove', NULL, 2, NULL, 0, 4, 1, '1214835832967581698', '2020-11-03 13:32:40', '1214835832967581698', '2020-11-03 13:32:40', NULL);
INSERT INTO `sys_menu` VALUES ('1323439423211913218', '1323439406451474434', '刷新缓存', NULL, NULL, NULL, 'system:config:refresh', NULL, 2, NULL, 0, 5, 1, '1214835832967581698', '2020-11-03 13:32:40', '1214835832967581698', '2020-11-03 13:32:40', NULL);
INSERT INTO `sys_menu` VALUES ('1323439426693185537', '1323439321634258945', '字典管理', 'dict', '/basic/system/dict/index', NULL, NULL, 'form', 1, '1017', 0, 7, 1, '1214835832967581698', '2020-11-03 13:32:40', '1214835832967581698', '2020-11-03 13:32:40', NULL);
INSERT INTO `sys_menu` VALUES ('1323439428819697665', '1323439426693185537', '字典新增', NULL, NULL, NULL, 'system:dict:add', NULL, 2, NULL, 0, 1, 1, '1214835832967581698', '2020-11-03 13:32:40', '1214835832967581698', '2020-11-03 13:32:40', NULL);
INSERT INTO `sys_menu` VALUES ('1323439431755710465', '1323439426693185537', '字典修改', NULL, NULL, NULL, 'system:dict:edit', NULL, 2, NULL, 0, 2, 1, '1214835832967581698', '2020-11-03 13:32:40', '1214835832967581698', '2020-11-03 13:32:40', NULL);
INSERT INTO `sys_menu` VALUES ('1323439434893049857', '1323439426693185537', '字典详情', NULL, NULL, NULL, 'system:dict:detail', NULL, 2, NULL, 0, 3, 1, '1214835832967581698', '2020-11-03 13:32:40', '1214835832967581698', '2020-11-03 13:32:40', NULL);
INSERT INTO `sys_menu` VALUES ('1323439437258637313', '1323439426693185537', '字典删除', NULL, NULL, NULL, 'system:dict:remove', NULL, 2, NULL, 0, 4, 1, '1214835832967581698', '2020-11-03 13:32:40', '1214835832967581698', '2020-11-03 13:32:40', NULL);
INSERT INTO `sys_menu` VALUES ('1323439440840572930', '1323439426693185537', '刷新缓存', NULL, NULL, NULL, 'system:dict:refresh', NULL, 2, NULL, 0, 5, 1, '1214835832967581698', '2020-11-03 13:32:40', '1214835832967581698', '2020-11-03 13:32:40', NULL);
INSERT INTO `sys_menu` VALUES ('1323439444309262337', '1323439314692685825', '系统监控', 'monitor', '/basic/monitor/index', '/basic/monitor/loginlog', NULL, 'form', 0, '1020', 0, 3, 1, '1214835832967581698', '2020-11-03 13:32:40', '1214835832967581698', '2020-11-03 13:32:40', NULL);
INSERT INTO `sys_menu` VALUES ('1323439447442407426', '1323439444309262337', '登录日志', 'loginlog', '/basic/monitor/loginlog/index', NULL, NULL, 'form', 1, '1021', 0, 1, 1, '1214835832967581698', '2020-11-03 13:32:40', '1214835832967581698', '2020-11-03 13:32:40', NULL);
INSERT INTO `sys_menu` VALUES ('1323439450667827202', '1323439447442407426', '日志详情', NULL, NULL, NULL, 'monitor:loginlog:detail', NULL, 2, NULL, 0, 1, 1, '1214835832967581698', '2020-11-03 13:32:40', '1214835832967581698', '2020-11-03 13:32:40', NULL);
INSERT INTO `sys_menu` VALUES ('1323439454547558402', '1323439447442407426', '日志删除', NULL, NULL, NULL, 'monitor:loginlog:remove', NULL, 2, NULL, 0, 2, 1, '1214835832967581698', '2020-11-03 13:32:40', '1214835832967581698', '2020-11-03 13:32:40', NULL);
INSERT INTO `sys_menu` VALUES ('1323439457684897793', '1323439444309262337', '操作日志', 'operlog', '/basic/monitor/operlog/index', NULL, NULL, 'form', 1, '1022', 0, 2, 1, '1214835832967581698', '2020-11-03 13:32:40', '1214835832967581698', '2020-11-03 13:32:40', NULL);
INSERT INTO `sys_menu` VALUES ('1323439461132615682', '1323439457684897793', '日志详情', NULL, NULL, NULL, 'monitor:operlog:detail', NULL, 2, NULL, 0, 1, 1, '1214835832967581698', '2020-11-03 13:32:40', '1214835832967581698', '2020-11-03 13:32:40', NULL);
INSERT INTO `sys_menu` VALUES ('1323439463754055682', '1323439457684897793', '日志删除', NULL, NULL, NULL, 'monitor:operlog:remove', NULL, 2, NULL, 0, 2, 1, '1214835832967581698', '2020-11-03 13:32:40', '1214835832967581698', '2020-11-03 13:32:40', NULL);
INSERT INTO `sys_menu` VALUES ('1323446715848216577', '1323439314692685825', '任务调度', 'scheduler', '/basic/scheduler/index', '/basic/scheduler/job', NULL, 'form', 0, '1030', 0, 4, 1, '1214835832967581698', '2020-11-03 13:32:40', '1214835832967581698', '2020-11-03 13:32:40', NULL);
INSERT INTO `sys_menu` VALUES ('1323446719488872450', '1323446715848216577', '任务管理', 'taskjob', '/basic/scheduler/taskjob/index', NULL, NULL, 'form', 1, '1031', 0, 1, 1, '1214835832967581698', '2020-11-03 13:32:40', '1214835832967581698', '2020-11-03 13:32:40', NULL);
INSERT INTO `sys_menu` VALUES ('1323446723389575170', '1323446719488872450', '任务新增', NULL, NULL, NULL, 'scheduler:job:add', NULL, 2, NULL, 0, 1, 1, '1214835832967581698', '2020-11-03 13:32:40', '1214835832967581698', '2020-11-03 13:32:40', NULL);
INSERT INTO `sys_menu` VALUES ('1323446727512576001', '1323446719488872450', '任务修改', NULL, NULL, NULL, 'scheduler:job:edit', NULL, 2, NULL, 0, 2, 1, '1214835832967581698', '2020-11-03 13:32:40', '1214835832967581698', '2020-11-03 13:32:40', NULL);
INSERT INTO `sys_menu` VALUES ('1323446731551690753', '1323446719488872450', '任务详情', NULL, NULL, NULL, 'scheduler:job:detail', NULL, 2, NULL, 0, 3, 1, '1214835832967581698', '2020-11-03 13:32:40', '1214835832967581698', '2020-11-03 13:32:40', NULL);
INSERT INTO `sys_menu` VALUES ('1323446733736923137', '1323446719488872450', '任务删除', NULL, NULL, NULL, 'scheduler:job:remove', NULL, 2, NULL, 0, 4, 1, '1214835832967581698', '2020-11-03 13:32:40', '1214835832967581698', '2020-11-03 13:32:40', NULL);
INSERT INTO `sys_menu` VALUES ('1323446737285304322', '1323446719488872450', '任务暂停', NULL, NULL, NULL, 'scheduler:job:pause', NULL, 2, NULL, 0, 5, 1, '1214835832967581698', '2020-11-03 13:32:40', '1214835832967581698', '2020-11-03 13:32:40', NULL);
INSERT INTO `sys_menu` VALUES ('1323446741144064001', '1323446719488872450', '任务恢复', NULL, NULL, NULL, 'scheduler:job:resume', NULL, 2, NULL, 0, 6, 1, '1214835832967581698', '2020-11-03 13:32:40', '1214835832967581698', '2020-11-03 13:32:40', NULL);
INSERT INTO `sys_menu` VALUES ('1323446745309007873', '1323446719488872450', '立即执行', NULL, NULL, NULL, 'scheduler:job:run', NULL, 2, NULL, 0, 7, 1, '1214835832967581698', '2020-11-03 13:32:40', '1214835832967581698', '2020-11-03 13:32:40', NULL);
INSERT INTO `sys_menu` VALUES ('1323446748291158018', '1323446715848216577', '日志管理', 'tasklog', '/basic/scheduler/tasklog/index', NULL, NULL, 'form', 1, '1032', 0, 2, 1, '1214835832967581698', '2020-11-03 13:32:40', '1214835832967581698', '2020-11-03 13:32:40', NULL);
INSERT INTO `sys_menu` VALUES ('1323446755090124802', '1323446748291158018', '日志详情', NULL, NULL, NULL, 'scheduler:log:detail', NULL, 2, NULL, 0, 1, 1, '1214835832967581698', '2020-11-03 13:32:40', '1214835832967581698', '2020-11-03 13:32:40', NULL);
INSERT INTO `sys_menu` VALUES ('1323446758726586370', '1323446748291158018', '日志删除', NULL, NULL, NULL, 'scheduler:log:remove', NULL, 2, NULL, 0, 2, 1, '1214835832967581698', '2020-11-03 13:32:40', '1214835832967581698', '2020-11-03 13:32:40', NULL);
INSERT INTO `sys_menu` VALUES ('1323446761884897282', '0', '元数据管理', '/metadata', 'Layout', '/metadata/index', NULL, 'form', 0, '20', 0, 2, 1, '1214835832967581698', '2020-11-03 13:32:40', '1214835832967581698', '2020-11-03 13:32:40', NULL);
INSERT INTO `sys_menu` VALUES ('1323446765831737346', '1323446761884897282', '看板', 'index', '/metadata/index', NULL, NULL, 'form', 1, NULL, 1, 1, 1, '1214835832967581698', '2020-11-03 13:32:40', '1214835832967581698', '2020-11-03 13:32:40', NULL);
INSERT INTO `sys_menu` VALUES ('1323446768281210882', '1323446761884897282', '数据源', 'datasource', '/metadata/datasource/index', NULL, NULL, 'form', 1, '2011', 0, 2, 1, '1214835832967581698', '2020-11-03 13:32:40', '1214835832967581698', '2020-11-03 13:32:40', NULL);
INSERT INTO `sys_menu` VALUES ('1323446772064473090', '1323446768281210882', '数据源新增', NULL, NULL, NULL, 'metadata:datasource:add', NULL, 2, NULL, 0, 1, 1, '1214835832967581698', '2020-11-03 13:32:40', '1214835832967581698', '2020-11-03 13:32:40', NULL);
INSERT INTO `sys_menu` VALUES ('1323446774992097282', '1323446768281210882', '数据源修改', NULL, NULL, NULL, 'metadata:datasource:edit', NULL, 2, NULL, 0, 2, 1, '1214835832967581698', '2020-11-03 13:32:40', '1214835832967581698', '2020-11-03 13:32:40', NULL);
INSERT INTO `sys_menu` VALUES ('1323446778368512002', '1323446768281210882', '数据源详情', NULL, NULL, NULL, 'metadata:datasource:detail', NULL, 2, NULL, 0, 3, 1, '1214835832967581698', '2020-11-03 13:32:40', '1214835832967581698', '2020-11-03 13:32:40', NULL);
INSERT INTO `sys_menu` VALUES ('1323446782034333697', '1323446768281210882', '数据源删除', NULL, NULL, NULL, 'metadata:datasource:remove', NULL, 2, NULL, 0, 4, 1, '1214835832967581698', '2020-11-03 13:32:40', '1214835832967581698', '2020-11-03 13:32:40', NULL);
INSERT INTO `sys_menu` VALUES ('1323446785037455362', '1323446768281210882', '刷新缓存', NULL, NULL, NULL, 'metadata:datasource:refresh', NULL, 2, NULL, 0, 5, 1, '1214835832967581698', '2020-11-03 13:32:40', '1214835832967581698', '2020-11-03 13:32:40', NULL);
INSERT INTO `sys_menu` VALUES ('1323446788590030850', '1323446768281210882', '元数据同步', NULL, NULL, NULL, 'metadata:datasource:sync', NULL, 2, NULL, 0, 6, 1, '1214835832967581698', '2020-11-03 13:32:40', '1214835832967581698', '2020-11-03 13:32:40', NULL);
INSERT INTO `sys_menu` VALUES ('1323446792067108865', '1323446768281210882', '数据库文档', NULL, NULL, NULL, 'metadata:datasource:word', NULL, 2, NULL, 0, 7, 1, '1214835832967581698', '2020-11-03 13:32:40', '1214835832967581698', '2020-11-03 13:32:40', NULL);
INSERT INTO `sys_menu` VALUES ('1323446796131389441', '1323446768281210882', '连通性检测', NULL, NULL, NULL, 'metadata:datasource:connect', NULL, 2, NULL, 0, 8, 1, '1214835832967581698', '2020-11-03 13:32:40', '1214835832967581698', '2020-11-03 13:32:40', NULL);
INSERT INTO `sys_menu` VALUES ('1323446800178892801', '1323446761884897282', '元数据', 'datacolumn', '/metadata/datacolumn/index', NULL, NULL, 'form', 1, '2012', 0, 3, 1, '1214835832967581698', '2020-11-03 13:32:40', '1214835832967581698', '2020-11-03 13:32:40', NULL);
INSERT INTO `sys_menu` VALUES ('1323446803093934082', '1323446800178892801', '元数据详情', NULL, NULL, NULL, 'metadata:datacolumn:detail', NULL, 2, NULL, 0, 1, 1, '1214835832967581698', '2020-11-03 13:32:40', '1214835832967581698', '2020-11-03 13:32:40', NULL);
INSERT INTO `sys_menu` VALUES ('1323446806457765890', '1323446761884897282', '数据授权', 'dataauthorize', '/metadata/dataauthorize/index', NULL, NULL, 'form', 1, '2013', 0, 4, 1, '1214835832967581698', '2020-11-03 13:32:40', '1214835832967581698', '2020-11-03 13:32:40', NULL);
INSERT INTO `sys_menu` VALUES ('1323446810152947713', '1323446806457765890', '授权修改', NULL, NULL, NULL, 'metadata:dataauthorize:edit', NULL, 2, NULL, 0, 1, 1, '1214835832967581698', '2020-11-03 13:32:40', '1214835832967581698', '2020-11-03 13:32:40', NULL);
INSERT INTO `sys_menu` VALUES ('1323446812367540226', '1323446806457765890', '刷新缓存', NULL, NULL, NULL, 'metadata:dataauthorize:refresh', NULL, 2, NULL, 0, 2, 1, '1214835832967581698', '2020-11-03 13:32:40', '1214835832967581698', '2020-11-03 13:32:40', NULL);
INSERT INTO `sys_menu` VALUES ('1323446814506635265', '1323446761884897282', '变更记录', 'changerecord', '/metadata/changerecord/index', NULL, NULL, 'form', 1, '2014', 0, 5, 1, '1214835832967581698', '2020-11-03 13:32:40', '1214835832967581698', '2020-11-03 13:32:40', NULL);
INSERT INTO `sys_menu` VALUES ('1323446818050822146', '1323446814506635265', '变更记录新增', NULL, NULL, NULL, 'metadata:changerecord:add', NULL, 2, NULL, 0, 1, 1, '1214835832967581698', '2020-11-03 13:32:40', '1214835832967581698', '2020-11-03 13:32:40', NULL);
INSERT INTO `sys_menu` VALUES ('1323446821838278657', '1323446814506635265', '变更记录修改', NULL, NULL, NULL, 'metadata:changerecord:edit', NULL, 2, NULL, 0, 2, 1, '1214835832967581698', '2020-11-03 13:32:40', '1214835832967581698', '2020-11-03 13:32:40', NULL);
INSERT INTO `sys_menu` VALUES ('1323446824904314882', '1323446814506635265', '变更记录详情', NULL, NULL, NULL, 'metadata:changerecord:detail', NULL, 2, NULL, 0, 3, 1, '1214835832967581698', '2020-11-03 13:32:40', '1214835832967581698', '2020-11-03 13:32:40', NULL);
INSERT INTO `sys_menu` VALUES ('1323446828507222018', '1323446814506635265', '变更记录删除', NULL, NULL, NULL, 'metadata:changerecord:remove', NULL, 2, NULL, 0, 4, 1, '1214835832967581698', '2020-11-03 13:32:40', '1214835832967581698', '2020-11-03 13:32:40', NULL);
INSERT INTO `sys_menu` VALUES ('1323446830755368961', '1323446761884897282', '数据检索', 'datasearch', '/metadata/datasearch/index', NULL, NULL, 'form', 1, '2015', 0, 6, 1, '1214835832967581698', '2020-11-03 13:32:40', '1214835832967581698', '2020-11-03 13:32:40', NULL);
INSERT INTO `sys_menu` VALUES ('1323446833439723522', '1323446761884897282', '数据地图', 'datamap', '/metadata/datamap/index', NULL, NULL, 'form', 1, '2016', 0, 7, 1, '1214835832967581698', '2020-11-03 13:32:40', '1214835832967581698', '2020-11-03 13:32:40', NULL);
INSERT INTO `sys_menu` VALUES ('1323446835830476801', '1323446761884897282', '血缘流向', 'datablood', '/metadata/datablood/index', NULL, NULL, 'form', 1, '2017', 0, 8, 1, '1214835832967581698', '2020-11-03 13:32:40', '1214835832967581698', '2020-11-03 13:32:40', NULL);
INSERT INTO `sys_menu` VALUES ('1323446838196064257', '1323446761884897282', 'SQL工作台', 'sqlconsole', '/metadata/sqlconsole/index', NULL, NULL, 'form', 1, '2018', 0, 9, 1, '1214835832967581698', '2020-11-03 13:32:40', '1214835832967581698', '2020-11-03 13:32:40', NULL);
INSERT INTO `sys_menu` VALUES ('1323446842084184065', '0', '数据标准管理', '/standard', 'Layout', '/standard/index', NULL, 'form', 0, '30', 0, 3, 1, '1214835832967581698', '2020-11-03 13:32:40', '1214835832967581698', '2020-11-03 13:32:40', NULL);
INSERT INTO `sys_menu` VALUES ('1323446844382662657', '1323446842084184065', '看板', 'index', '/standard/index', NULL, NULL, 'form', 1, NULL, 1, 1, 1, '1214835832967581698', '2020-11-03 13:32:40', '1214835832967581698', '2020-11-03 13:32:40', NULL);
INSERT INTO `sys_menu` VALUES ('1323446848434360322', '1323446842084184065', '标准字典', 'datadict', '/standard/datadict/index', NULL, NULL, 'form', 1, '3011', 0, 2, 1, '1214835832967581698', '2020-11-03 13:32:40', '1214835832967581698', '2020-11-03 13:32:40', NULL);
INSERT INTO `sys_menu` VALUES ('1323446851588476930', '1323446848434360322', '标准类别新增', NULL, NULL, NULL, 'standard:type:add', NULL, 2, NULL, 0, 1, 1, '1214835832967581698', '2020-11-03 13:32:40', '1214835832967581698', '2020-11-03 13:32:40', NULL);
INSERT INTO `sys_menu` VALUES ('1323446854285414401', '1323446848434360322', '标准类别修改', NULL, NULL, NULL, 'standard:type:edit', NULL, 2, NULL, 0, 2, 1, '1214835832967581698', '2020-11-03 13:32:40', '1214835832967581698', '2020-11-03 13:32:40', NULL);
INSERT INTO `sys_menu` VALUES ('1323446856474841089', '1323446848434360322', '标准类别详情', NULL, NULL, NULL, 'standard:type:detail', NULL, 2, NULL, 0, 3, 1, '1214835832967581698', '2020-11-03 13:32:40', '1214835832967581698', '2020-11-03 13:32:40', NULL);
INSERT INTO `sys_menu` VALUES ('1323446858899148801', '1323446848434360322', '标准类别删除', NULL, NULL, NULL, 'standard:type:remove', NULL, 2, NULL, 0, 4, 1, '1214835832967581698', '2020-11-03 13:32:40', '1214835832967581698', '2020-11-03 13:32:40', NULL);
INSERT INTO `sys_menu` VALUES ('1323446861998739458', '1323446848434360322', '标准字典新增', NULL, NULL, NULL, 'standard:dict:add', NULL, 2, NULL, 0, 5, 1, '1214835832967581698', '2020-11-03 13:32:40', '1214835832967581698', '2020-11-03 13:32:40', NULL);
INSERT INTO `sys_menu` VALUES ('1323446864804728834', '1323446848434360322', '标准字典修改', NULL, NULL, NULL, 'standard:dict:edit', NULL, 2, NULL, 0, 6, 1, '1214835832967581698', '2020-11-03 13:32:40', '1214835832967581698', '2020-11-03 13:32:40', NULL);
INSERT INTO `sys_menu` VALUES ('1323446867434557441', '1323446848434360322', '标准字典详情', NULL, NULL, NULL, 'standard:dict:detail', NULL, 2, NULL, 0, 7, 1, '1214835832967581698', '2020-11-03 13:32:40', '1214835832967581698', '2020-11-03 13:32:40', NULL);
INSERT INTO `sys_menu` VALUES ('1323446871129739266', '1323446848434360322', '标准字典删除', NULL, NULL, NULL, 'standard:dict:remove', NULL, 2, NULL, 0, 8, 1, '1214835832967581698', '2020-11-03 13:32:40', '1214835832967581698', '2020-11-03 13:32:40', NULL);
INSERT INTO `sys_menu` VALUES ('1323446872239749167', '1323446848434360322', '刷新缓存', NULL, NULL, NULL, 'standard:dict:refresh', NULL, 2, NULL, 0, 9, 1, '1214835832967581698', '2020-11-03 13:32:40', '1214835832967581698', '2020-11-03 13:32:40', NULL);
INSERT INTO `sys_menu` VALUES ('1323446873914757121', '1323446842084184065', '对照表', 'dictcontrast', '/standard/dictcontrast/index', NULL, NULL, 'form', 1, '3012', 0, 3, 1, '1214835832967581698', '2020-11-03 13:32:40', '1214835832967581698', '2020-11-03 13:32:40', NULL);
INSERT INTO `sys_menu` VALUES ('1323457155479363586', '1323446873914757121', '对照表新增', NULL, NULL, NULL, 'standard:contrast:add', NULL, 2, NULL, 0, 1, 1, '1214835832967581698', '2020-11-03 13:32:40', '1214835832967581698', '2020-11-03 13:32:40', NULL);
INSERT INTO `sys_menu` VALUES ('1323457160046960641', '1323446873914757121', '对照表修改', NULL, NULL, NULL, 'standard:contrast:edit', NULL, 2, NULL, 0, 2, 1, '1214835832967581698', '2020-11-03 13:32:40', '1214835832967581698', '2020-11-03 13:32:40', NULL);
INSERT INTO `sys_menu` VALUES ('1323457163289157633', '1323446873914757121', '对照表详情', NULL, NULL, NULL, 'standard:contrast:detail', NULL, 2, NULL, 0, 3, 1, '1214835832967581698', '2020-11-03 13:32:40', '1214835832967581698', '2020-11-03 13:32:40', NULL);
INSERT INTO `sys_menu` VALUES ('1323457168091635713', '1323446873914757121', '对照表删除', NULL, NULL, NULL, 'standard:contrast:remove', NULL, 2, NULL, 0, 4, 1, '1214835832967581698', '2020-11-03 13:32:40', '1214835832967581698', '2020-11-03 13:32:40', NULL);
INSERT INTO `sys_menu` VALUES ('1323457171208003585', '1323446873914757121', '对照字典新增', NULL, NULL, NULL, 'standard:contrast:dict:add', NULL, 2, NULL, 0, 5, 1, '1214835832967581698', '2020-11-03 13:32:40', '1214835832967581698', '2020-11-03 13:32:40', NULL);
INSERT INTO `sys_menu` VALUES ('1323457174412451841', '1323446873914757121', '对照字典修改', NULL, NULL, NULL, 'standard:contrast:dict:edit', NULL, 2, NULL, 0, 6, 1, '1214835832967581698', '2020-11-03 13:32:40', '1214835832967581698', '2020-11-03 13:32:40', NULL);
INSERT INTO `sys_menu` VALUES ('1323457176954200065', '1323446873914757121', '对照字典详情', NULL, NULL, NULL, 'standard:contrast:dict:detail', NULL, 2, NULL, 0, 7, 1, '1214835832967581698', '2020-11-03 13:32:40', '1214835832967581698', '2020-11-03 13:32:40', NULL);
INSERT INTO `sys_menu` VALUES ('1323457180657770497', '1323446873914757121', '对照字典删除', NULL, NULL, NULL, 'standard:contrast:dict:remove', NULL, 2, NULL, 0, 8, 1, '1214835832967581698', '2020-11-03 13:32:40', '1214835832967581698', '2020-11-03 13:32:40', NULL);
INSERT INTO `sys_menu` VALUES ('1323457183010775041', '1323446842084184065', '字典对照', 'dictmapping', '/standard/dictmapping/index', NULL, NULL, 'form', 1, '3013', 0, 4, 1, '1214835832967581698', '2020-11-03 13:32:40', '1214835832967581698', '2020-11-03 13:32:40', NULL);
INSERT INTO `sys_menu` VALUES ('1323457185179230209', '1323457183010775041', '自动对照', NULL, NULL, NULL, 'standard:mapping:auto', NULL, 2, NULL, 0, 1, 1, '1214835832967581698', '2020-11-03 13:32:40', '1214835832967581698', '2020-11-03 13:32:40', NULL);
INSERT INTO `sys_menu` VALUES ('1323457188840857601', '1323457183010775041', '手动对照', NULL, NULL, NULL, 'standard:mapping:manual', NULL, 2, NULL, 0, 2, 1, '1214835832967581698', '2020-11-03 13:32:40', '1214835832967581698', '2020-11-03 13:32:40', NULL);
INSERT INTO `sys_menu` VALUES ('1323457190950592513', '1323457183010775041', '取消对照', NULL, NULL, NULL, 'standard:mapping:cancel', NULL, 2, NULL, 0, 3, 1, '1214835832967581698', '2020-11-03 13:32:40', '1214835832967581698', '2020-11-03 13:32:40', NULL);
INSERT INTO `sys_menu` VALUES ('1323457193882411009', '1323446842084184065', '对照统计', 'contraststat', '/standard/contraststat/index', NULL, NULL, 'form', 1, '3014', 0, 5, 1, '1214835832967581698', '2020-11-03 13:32:40', '1214835832967581698', '2020-11-03 13:32:40', NULL);
INSERT INTO `sys_menu` VALUES ('1323457195987951617', '0', '数据质量管理', '/quality', 'Layout', '/quality/index', NULL, 'form', 0, '40', 0, 4, 1, '1214835832967581698', '2020-11-03 13:32:40', '1214835832967581698', '2020-11-03 13:32:40', NULL);
INSERT INTO `sys_menu` VALUES ('1323457199494389762', '1323457195987951617', '看板', 'index', '/quality/index', NULL, NULL, 'form', 1, NULL, 1, 1, 1, '1214835832967581698', '2020-11-03 13:32:40', '1214835832967581698', '2020-11-03 13:32:40', NULL);
INSERT INTO `sys_menu` VALUES ('1323457202715615233', '1323457195987951617', '规则配置', 'checkrule', '/quality/checkrule/index', NULL, NULL, 'form', 1, '4011', 0, 2, 1, '1214835832967581698', '2020-11-03 13:32:40', '1214835832967581698', '2020-11-03 13:32:40', NULL);
INSERT INTO `sys_menu` VALUES ('1323457206838616066', '1323457202715615233', '规则新增', NULL, NULL, NULL, 'quality:rule:add', NULL, 2, NULL, 0, 1, 1, '1214835832967581698', '2020-11-03 13:32:40', '1214835832967581698', '2020-11-03 13:32:40', NULL);
INSERT INTO `sys_menu` VALUES ('1323457210680598530', '1323457202715615233', '规则修改', NULL, NULL, NULL, 'quality:rule:edit', NULL, 2, NULL, 0, 2, 1, '1214835832967581698', '2020-11-03 13:32:40', '1214835832967581698', '2020-11-03 13:32:40', NULL);
INSERT INTO `sys_menu` VALUES ('1323457213478199298', '1323457202715615233', '规则详情', NULL, NULL, NULL, 'quality:rule:detail', NULL, 2, NULL, 0, 3, 1, '1214835832967581698', '2020-11-03 13:32:40', '1214835832967581698', '2020-11-03 13:32:40', NULL);
INSERT INTO `sys_menu` VALUES ('1323457216112222210', '1323457202715615233', '规则删除', NULL, NULL, NULL, 'quality:rule:remove', NULL, 2, NULL, 0, 4, 1, '1214835832967581698', '2020-11-03 13:32:40', '1214835832967581698', '2020-11-03 13:32:40', NULL);
INSERT INTO `sys_menu` VALUES ('1323457220054867969', '1323457195987951617', '问题统计', 'checkstat', '/quality/checkstat/index', NULL, NULL, 'form', 1, '4012', 0, 3, 1, '1214835832967581698', '2020-11-03 13:32:40', '1214835832967581698', '2020-11-03 13:32:40', NULL);
INSERT INTO `sys_menu` VALUES ('1323457223376756738', '1323457195987951617', '质量报告', 'checkreport', '/quality/checkreport/index', NULL, NULL, 'form', 1, '4013', 0, 4, 1, '1214835832967581698', '2020-11-03 13:32:40', '1214835832967581698', '2020-11-03 13:32:40', NULL);
INSERT INTO `sys_menu` VALUES ('1323457226472153090', '1323457195987951617', '定时任务', 'checkjob', '/quality/checkjob/index', NULL, NULL, 'form', 1, '4014', 0, 5, 1, '1214835832967581698', '2020-11-03 13:32:40', '1214835832967581698', '2020-11-03 13:32:40', NULL);
INSERT INTO `sys_menu` VALUES ('1323457229768876033', '1323457226472153090', '任务暂停', NULL, NULL, NULL, 'quality:job:pause', NULL, 2, NULL, 0, 1, 1, '1214835832967581698', '2020-11-03 13:32:40', '1214835832967581698', '2020-11-03 13:32:40', NULL);
INSERT INTO `sys_menu` VALUES ('1323457232570671106', '1323457226472153090', '任务恢复', NULL, NULL, NULL, 'quality:job:resume', NULL, 2, NULL, 0, 2, 1, '1214835832967581698', '2020-11-03 13:32:40', '1214835832967581698', '2020-11-03 13:32:40', NULL);
INSERT INTO `sys_menu` VALUES ('1323457235842228226', '1323457195987951617', '任务日志', 'checklog', '/quality/checklog/index', NULL, NULL, 'form', 1, '4015', 0, 6, 1, '1214835832967581698', '2020-11-03 13:32:40', '1214835832967581698', '2020-11-03 13:32:40', NULL);
INSERT INTO `sys_menu` VALUES ('1323457239495467009', '0', '主数据管理', '/masterdata', 'Layout', '/masterdata/index', NULL, 'form', 0, '50', 0, 5, 1, '1214835832967581698', '2020-11-03 13:32:40', '1214835832967581698', '2020-11-03 13:32:40', NULL);
INSERT INTO `sys_menu` VALUES ('1323457241680699394', '1323457239495467009', '看板', 'index', '/masterdata/index', NULL, NULL, 'form', 1, NULL, 1, 1, 1, '1214835832967581698', '2020-11-03 13:32:40', '1214835832967581698', '2020-11-03 13:32:40', NULL);
INSERT INTO `sys_menu` VALUES ('1323457245346521089', '1323457239495467009', '数据模型', 'datamodel', '/masterdata/datamodel/index', NULL, NULL, 'form', 1, '5011', 0, 2, 1, '1214835832967581698', '2020-11-03 13:32:40', '1214835832967581698', '2020-11-03 13:32:40', NULL);
INSERT INTO `sys_menu` VALUES ('1323457248882319361', '1323457245346521089', '模型新增', NULL, NULL, NULL, 'masterdata:model:add', NULL, 2, NULL, 0, 1, 1, '1214835832967581698', '2020-11-03 13:32:40', '1214835832967581698', '2020-11-03 13:32:40', NULL);
INSERT INTO `sys_menu` VALUES ('1323457252309065730', '1323457245346521089', '模型修改', NULL, NULL, NULL, 'masterdata:model:edit', NULL, 2, NULL, 0, 2, 1, '1214835832967581698', '2020-11-03 13:32:40', '1214835832967581698', '2020-11-03 13:32:40', NULL);
INSERT INTO `sys_menu` VALUES ('1323457256096522241', '1323457245346521089', '模型详情', NULL, NULL, NULL, 'masterdata:model:detail', NULL, 2, NULL, 0, 3, 1, '1214835832967581698', '2020-11-03 13:32:40', '1214835832967581698', '2020-11-03 13:32:40', NULL);
INSERT INTO `sys_menu` VALUES ('1323457259636514817', '1323457245346521089', '模型删除', NULL, NULL, NULL, 'masterdata:model:remove', NULL, 2, NULL, 0, 4, 1, '1214835832967581698', '2020-11-03 13:32:40', '1214835832967581698', '2020-11-03 13:32:40', NULL);
INSERT INTO `sys_menu` VALUES ('1323457262379589633', '1323457245346521089', '模型提交', NULL, NULL, NULL, 'masterdata:model:submit', NULL, 2, NULL, 0, 5, 1, '1214835832967581698', '2020-11-03 13:32:40', '1214835832967581698', '2020-11-03 13:32:40', NULL);
INSERT INTO `sys_menu` VALUES ('1323457265072332802', '1323457245346521089', '数据建模', NULL, NULL, NULL, 'masterdata:model:create', NULL, 2, NULL, 0, 6, 1, '1214835832967581698', '2020-11-03 13:32:40', '1214835832967581698', '2020-11-03 13:32:40', NULL);
INSERT INTO `sys_menu` VALUES ('1323457267387588610', '1323457239495467009', '数据管理', 'datamanage', '/masterdata/datamanage/index', NULL, NULL, 'form', 1, '5012', 0, 3, 1, '1214835832967581698', '2020-11-03 13:32:40', '1214835832967581698', '2020-11-03 13:32:40', NULL);
INSERT INTO `sys_menu` VALUES ('1323457271124713473', '1323457267387588610', '数据新增', NULL, NULL, NULL, 'masterdata:data:add', NULL, 2, NULL, 0, 1, 1, '1214835832967581698', '2020-11-03 13:32:40', '1214835832967581698', '2020-11-03 13:32:40', NULL);
INSERT INTO `sys_menu` VALUES ('1323457273783902210', '1323457267387588610', '数据修改', NULL, NULL, NULL, 'masterdata:data:edit', NULL, 2, NULL, 0, 2, 1, '1214835832967581698', '2020-11-03 13:32:40', '1214835832967581698', '2020-11-03 13:32:40', NULL);
INSERT INTO `sys_menu` VALUES ('1323457276178849794', '1323457267387588610', '数据详情', NULL, NULL, NULL, 'masterdata:data:detail', NULL, 2, NULL, 0, 3, 1, '1214835832967581698', '2020-11-03 13:32:40', '1214835832967581698', '2020-11-03 13:32:40', NULL);
INSERT INTO `sys_menu` VALUES ('1323457280285073410', '1323457267387588610', '数据删除', NULL, NULL, NULL, 'masterdata:data:remove', NULL, 2, NULL, 0, 4, 1, '1214835832967581698', '2020-11-03 13:32:40', '1214835832967581698', '2020-11-03 13:32:40', NULL);
INSERT INTO `sys_menu` VALUES ('1323457284382908418', '0', '数据集市管理', '/market', 'Layout', '/market/index', NULL, 'form', 0, '60', 0, 6, 1, '1214835832967581698', '2020-11-03 13:32:40', '1214835832967581698', '2020-11-03 13:32:40', NULL);
INSERT INTO `sys_menu` VALUES ('1323457288312971266', '1323457284382908418', '看板', 'index', '/market/index', NULL, NULL, 'form', 1, NULL, 1, 1, 1, '1214835832967581698', '2020-11-03 13:32:40', '1214835832967581698', '2020-11-03 13:32:40', NULL);
INSERT INTO `sys_menu` VALUES ('1323457290468843522', '1323457284382908418', '数据服务', 'dataapi', '/market/dataapi/index', NULL, NULL, 'form', 1, '6011', 0, 2, 1, '1214835832967581698', '2020-11-03 13:32:40', '1214835832967581698', '2020-11-03 13:32:40', NULL);
INSERT INTO `sys_menu` VALUES ('1323457293983670274', '1323457290468843522', '数据服务新增', NULL, NULL, NULL, 'market:api:add', NULL, 2, NULL, 0, 1, 1, '1214835832967581698', '2020-11-03 13:32:40', '1214835832967581698', '2020-11-03 13:32:40', NULL);
INSERT INTO `sys_menu` VALUES ('1323457297620131842', '1323457290468843522', '数据服务修改', NULL, NULL, NULL, 'market:api:edit', NULL, 2, NULL, 0, 2, 1, '1214835832967581698', '2020-11-03 13:32:40', '1214835832967581698', '2020-11-03 13:32:40', NULL);
INSERT INTO `sys_menu` VALUES ('1323457300937826305', '1323457290468843522', '数据服务详情', NULL, NULL, NULL, 'market:api:detail', NULL, 2, NULL, 0, 3, 1, '1214835832967581698', '2020-11-03 13:32:40', '1214835832967581698', '2020-11-03 13:32:40', NULL);
INSERT INTO `sys_menu` VALUES ('1323457303185973249', '1323457290468843522', '数据服务删除', NULL, NULL, NULL, 'market:api:remove', NULL, 2, NULL, 0, 4, 1, '1214835832967581698', '2020-11-03 13:32:40', '1214835832967581698', '2020-11-03 13:32:40', NULL);
INSERT INTO `sys_menu` VALUES ('1323465292143890434', '1323457290468843522', '数据服务提交', NULL, NULL, NULL, 'market:api:submit', NULL, 2, NULL, 0, 5, 1, '1214835832967581698', '2020-11-03 13:32:40', '1214835832967581698', '2020-11-03 13:32:40', NULL);
INSERT INTO `sys_menu` VALUES ('1323465296644378625', '1323457290468843522', '数据服务拷贝', NULL, NULL, NULL, 'market:api:copy', NULL, 2, NULL, 0, 6, 1, '1214835832967581698', '2020-11-03 13:32:40', '1214835832967581698', '2020-11-03 13:32:40', NULL);
INSERT INTO `sys_menu` VALUES ('1323465300733825026', '1323457290468843522', '数据服务发布', NULL, NULL, NULL, 'market:api:release', NULL, 2, NULL, 0, 7, 1, '1214835832967581698', '2020-11-03 13:32:40', '1214835832967581698', '2020-11-03 13:32:40', NULL);
INSERT INTO `sys_menu` VALUES ('1323465303497871361', '1323457290468843522', '数据服务注销', NULL, NULL, NULL, 'market:api:cancel', NULL, 2, NULL, 0, 8, 1, '1214835832967581698', '2020-11-03 13:32:40', '1214835832967581698', '2020-11-03 13:32:40', NULL);
INSERT INTO `sys_menu` VALUES ('1323465306433884161', '1323457290468843522', '数据服务文档', NULL, NULL, NULL, 'market:api:word', NULL, 2, NULL, 0, 9, 1, '1214835832967581698', '2020-11-03 13:32:40', '1214835832967581698', '2020-11-03 13:32:40', NULL);
INSERT INTO `sys_menu` VALUES ('1323465310024208386', '1323457290468843522', '数据服务示例', NULL, NULL, NULL, 'market:api:example', NULL, 2, NULL, 0, 10, 1, '1214835832967581698', '2020-11-03 13:32:40', '1214835832967581698', '2020-11-03 13:32:40', NULL);
INSERT INTO `sys_menu` VALUES ('1323465313249628161', '1323457284382908418', '数据脱敏', 'apimask', '/market/apimask/index', NULL, NULL, 'form', 1, '6012', 0, 3, 1, '1214835832967581698', '2020-11-03 13:32:40', '1214835832967581698', '2020-11-03 13:32:40', NULL);
INSERT INTO `sys_menu` VALUES ('1323465316550545409', '1323465313249628161', '数据脱敏新增', NULL, NULL, NULL, 'market:mask:add', NULL, 2, NULL, 0, 1, 1, '1214835832967581698', '2020-11-03 13:32:40', '1214835832967581698', '2020-11-03 13:32:40', NULL);
INSERT INTO `sys_menu` VALUES ('1323465319444615170', '1323465313249628161', '数据脱敏修改', NULL, NULL, NULL, 'market:mask:edit', NULL, 2, NULL, 0, 2, 1, '1214835832967581698', '2020-11-03 13:32:40', '1214835832967581698', '2020-11-03 13:32:40', NULL);
INSERT INTO `sys_menu` VALUES ('1323465322640674817', '1323465313249628161', '数据脱敏详情', NULL, NULL, NULL, 'market:mask:detail', NULL, 2, NULL, 0, 3, 1, '1214835832967581698', '2020-11-03 13:32:40', '1214835832967581698', '2020-11-03 13:32:40', NULL);
INSERT INTO `sys_menu` VALUES ('1323465324955930625', '1323465313249628161', '数据脱敏删除', NULL, NULL, NULL, 'market:mask:remove', NULL, 2, NULL, 0, 4, 1, '1214835832967581698', '2020-11-03 13:32:40', '1214835832967581698', '2020-11-03 13:32:40', NULL);
INSERT INTO `sys_menu` VALUES ('1323465328038744065', '1323457284382908418', '接口日志', 'apilog', '/market/apilog/index', NULL, NULL, 'form', 1, '6013', 0, 4, 1, '1214835832967581698', '2020-11-03 13:32:40', '1214835832967581698', '2020-11-03 13:32:40', NULL);
INSERT INTO `sys_menu` VALUES ('1323465331868143617', '1323465328038744065', '日志详情', NULL, NULL, NULL, 'market:api:log:detail', NULL, 2, NULL, 0, 1, 1, '1214835832967581698', '2020-11-03 13:32:40', '1214835832967581698', '2020-11-03 13:32:40', NULL);
INSERT INTO `sys_menu` VALUES ('1323465335894675457', '1323465328038744065', '日志删除', NULL, NULL, NULL, 'market:api:log:remove', NULL, 2, NULL, 0, 2, 1, '1214835832967581698', '2020-11-03 13:32:40', '1214835832967581698', '2020-11-03 13:32:40', NULL);
INSERT INTO `sys_menu` VALUES ('1323465338889408514', '1323457284382908418', '服务集成', 'dataservice', '/market/dataservice/index', NULL, NULL, 'form', 1, '6014', 0, 5, 1, '1214835832967581698', '2020-11-03 13:32:40', '1214835832967581698', '2020-11-03 13:32:40', NULL);
INSERT INTO `sys_menu` VALUES ('1323465341871558657', '1323465338889408514', '服务集成新增', NULL, NULL, NULL, 'market:service:add', NULL, 2, NULL, 0, 1, 1, '1214835832967581698', '2020-11-03 13:32:40', '1214835832967581698', '2020-11-03 13:32:40', NULL);
INSERT INTO `sys_menu` VALUES ('1323465345898090498', '1323465338889408514', '服务集成修改', NULL, NULL, NULL, 'market:service:edit', NULL, 2, NULL, 0, 2, 1, '1214835832967581698', '2020-11-03 13:32:40', '1214835832967581698', '2020-11-03 13:32:40', NULL);
INSERT INTO `sys_menu` VALUES ('1323465349958176769', '1323465338889408514', '服务集成详情', NULL, NULL, NULL, 'market:service:detail', NULL, 2, NULL, 0, 3, 1, '1214835832967581698', '2020-11-03 13:32:40', '1214835832967581698', '2020-11-03 13:32:40', NULL);
INSERT INTO `sys_menu` VALUES ('1323465352999047170', '1323465338889408514', '服务集成删除', NULL, NULL, NULL, 'market:service:remove', NULL, 2, NULL, 0, 4, 1, '1214835832967581698', '2020-11-03 13:32:40', '1214835832967581698', '2020-11-03 13:32:40', NULL);
INSERT INTO `sys_menu` VALUES ('1323465356161552386', '1323457284382908418', '服务日志', 'servicelog', '/market/servicelog/index', NULL, NULL, 'form', 1, '6015', 0, 6, 1, '1214835832967581698', '2020-11-03 13:32:40', '1214835832967581698', '2020-11-03 13:32:40', NULL);
INSERT INTO `sys_menu` VALUES ('1323465359139508225', '1323465356161552386', '日志详情', NULL, NULL, NULL, 'market:service:log:detail', NULL, 2, NULL, 0, 1, 1, '1214835832967581698', '2020-11-03 13:32:40', '1214835832967581698', '2020-11-03 13:32:40', NULL);
INSERT INTO `sys_menu` VALUES ('1323465362562060290', '1323465356161552386', '日志删除', NULL, NULL, NULL, 'market:service:log:remove', NULL, 2, NULL, 0, 2, 1, '1214835832967581698', '2020-11-03 13:32:40', '1214835832967581698', '2020-11-03 13:32:40', NULL);
INSERT INTO `sys_menu` VALUES ('1323465364864733186', '0', '可视化管理', '/visual', 'Layout', '/visual/index', NULL, 'form', 0, '70', 0, 7, 1, '1214835832967581698', '2020-11-03 13:32:40', '1214835832967581698', '2020-11-03 13:32:40', NULL);
INSERT INTO `sys_menu` VALUES ('1323465367142240257', '1323465364864733186', '看板', 'index', '/visual/index', NULL, NULL, 'form', 1, NULL, 1, 1, 1, '1214835832967581698', '2020-11-03 13:32:40', '1214835832967581698', '2020-11-03 13:32:40', NULL);
INSERT INTO `sys_menu` VALUES ('1323465369847566337', '1323465364864733186', '数据集', 'dataset', '/visual/dataset/index', NULL, NULL, 'form', 1, '7011', 0, 2, 1, '1214835832967581698', '2020-11-03 13:32:40', '1214835832967581698', '2020-11-03 13:32:40', NULL);
INSERT INTO `sys_menu` VALUES ('1323465372125073409', '1323465369847566337', '数据集新增', NULL, NULL, NULL, 'visual:set:add', NULL, 2, NULL, 0, 1, 1, '1214835832967581698', '2020-11-03 13:32:40', '1214835832967581698', '2020-11-03 13:32:40', NULL);
INSERT INTO `sys_menu` VALUES ('1323465374515826690', '1323465369847566337', '数据集修改', NULL, NULL, NULL, 'visual:set:edit', NULL, 2, NULL, 0, 2, 1, '1214835832967581698', '2020-11-03 13:32:40', '1214835832967581698', '2020-11-03 13:32:40', NULL);
INSERT INTO `sys_menu` VALUES ('1323465378643021825', '1323465369847566337', '数据集详情', NULL, NULL, NULL, 'visual:set:detail', NULL, 2, NULL, 0, 3, 1, '1214835832967581698', '2020-11-03 13:32:40', '1214835832967581698', '2020-11-03 13:32:40', NULL);
INSERT INTO `sys_menu` VALUES ('1323465380983443458', '1323465369847566337', '数据集删除', NULL, NULL, NULL, 'visual:set:remove', NULL, 2, NULL, 0, 4, 1, '1214835832967581698', '2020-11-03 13:32:40', '1214835832967581698', '2020-11-03 13:32:40', NULL);
INSERT INTO `sys_menu` VALUES ('1323465383680380930', '1323465369847566337', '数据预览', NULL, NULL, NULL, 'visual:set:preview', NULL, 2, NULL, 0, 5, 1, '1214835832967581698', '2020-11-03 13:32:40', '1214835832967581698', '2020-11-03 13:32:40', NULL);
INSERT INTO `sys_menu` VALUES ('1323465385953693697', '1323465364864733186', '图表配置', 'datachart', '/visual/datachart/index', NULL, NULL, 'form', 1, '7012', 0, 3, 1, '1214835832967581698', '2020-11-03 13:32:40', '1214835832967581698', '2020-11-03 13:32:40', NULL);
INSERT INTO `sys_menu` VALUES ('1323465389925699585', '1323465385953693697', '图表新增', NULL, NULL, NULL, 'visual:chart:add', NULL, 2, NULL, 0, 1, 1, '1214835832967581698', '2020-11-03 13:32:40', '1214835832967581698', '2020-11-03 13:32:40', NULL);
INSERT INTO `sys_menu` VALUES ('1323465393704767490', '1323465385953693697', '图表修改', NULL, NULL, NULL, 'visual:chart:edit', NULL, 2, NULL, 0, 2, 1, '1214835832967581698', '2020-11-03 13:32:40', '1214835832967581698', '2020-11-03 13:32:40', NULL);
INSERT INTO `sys_menu` VALUES ('1323465396888244225', '1323465385953693697', '图表配置', NULL, NULL, NULL, 'visual:chart:build', NULL, 2, NULL, 0, 3, 1, '1214835832967581698', '2020-11-03 13:32:40', '1214835832967581698', '2020-11-03 13:32:40', NULL);
INSERT INTO `sys_menu` VALUES ('1323465400029777921', '1323465385953693697', '图表删除', NULL, NULL, NULL, 'visual:chart:remove', NULL, 2, NULL, 0, 4, 1, '1214835832967581698', '2020-11-03 13:32:40', '1214835832967581698', '2020-11-03 13:32:40', NULL);
INSERT INTO `sys_menu` VALUES ('1323465401029783632', '1323465385953693697', '图表拷贝', NULL, NULL, NULL, 'visual:chart:copy', NULL, 2, NULL, 0, 5, 1, '1214835832967581698', '2020-11-03 13:32:40', '1214835832967581698', '2020-11-03 13:32:40', NULL);
INSERT INTO `sys_menu` VALUES ('1323465402781241346', '1323465364864733186', '看板配置', 'databoard', '/visual/databoard/index', NULL, NULL, 'form', 1, '7013', 0, 4, 1, '1214835832967581698', '2020-11-03 13:32:40', '1214835832967581698', '2020-11-03 13:32:40', NULL);
INSERT INTO `sys_menu` VALUES ('1323465405113274369', '1323465402781241346', '看板新增', NULL, NULL, NULL, 'visual:board:add', NULL, 2, NULL, 0, 1, 1, '1214835832967581698', '2020-11-03 13:32:40', '1214835832967581698', '2020-11-03 13:32:40', NULL);
INSERT INTO `sys_menu` VALUES ('1323465407613079553', '1323465402781241346', '看板修改', NULL, NULL, NULL, 'visual:board:edit', NULL, 2, NULL, 0, 2, 1, '1214835832967581698', '2020-11-03 13:32:40', '1214835832967581698', '2020-11-03 13:32:40', NULL);
INSERT INTO `sys_menu` VALUES ('1323465408371552934', '1323465402781241346', '看板配置', NULL, NULL, NULL, 'visual:board:build', NULL, 2, NULL, 0, 3, 1, '1214835832967581698', '2020-11-03 13:32:40', '1214835832967581698', '2020-11-03 13:32:40', NULL);
INSERT INTO `sys_menu` VALUES ('1323465410377125889', '1323465402781241346', '看板预览', NULL, NULL, NULL, 'visual:board:preview', NULL, 2, NULL, 0, 4, 1, '1214835832967581698', '2020-11-03 13:32:40', '1214835832967581698', '2020-11-03 13:32:40', NULL);
INSERT INTO `sys_menu` VALUES ('1323465414361714689', '1323465402781241346', '看板删除', NULL, NULL, NULL, 'visual:board:remove', NULL, 2, NULL, 0, 5, 1, '1214835832967581698', '2020-11-03 13:32:40', '1214835832967581698', '2020-11-03 13:32:40', NULL);
INSERT INTO `sys_menu` VALUES ('1323465415426742390', '1323465402781241346', '看板拷贝', NULL, NULL, NULL, 'visual:board:copy', NULL, 2, NULL, 0, 6, 1, '1214835832967581698', '2020-11-03 13:32:40', '1214835832967581698', '2020-11-03 13:32:40', NULL);
INSERT INTO `sys_menu` VALUES ('1323465416611367426', '1323465364864733186', '酷屏配置', 'datascreen', '/visual/datascreen/index', NULL, NULL, 'form', 1, '7014', 0, 5, 1, '1214835832967581698', '2020-11-03 13:32:40', '1214835832967581698', '2020-11-03 13:32:40', NULL);
INSERT INTO `sys_menu` VALUES ('1323465416705008130', '1323465416611367426', '酷屏新增', NULL, NULL, NULL, 'visual:screen:add', NULL, 2, NULL, 0, 1, 1, '1214835832967581698', '2020-11-03 13:32:40', '1214835832967581698', '2020-11-03 13:32:40', NULL);
INSERT INTO `sys_menu` VALUES ('1323465417236419686', '1323465416611367426', '酷屏修改', NULL, NULL, NULL, 'visual:screen:edit', NULL, 2, NULL, 0, 2, 1, '1214835832967581698', '2020-11-03 13:32:40', '1214835832967581698', '2020-11-03 13:32:40', NULL);
INSERT INTO `sys_menu` VALUES ('1323465417607196160', '1323465416611367426', '酷屏配置', NULL, NULL, NULL, 'visual:screen:build', NULL, 2, NULL, 0, 3, 1, '1214835832967581698', '2020-11-03 13:32:40', '1214835832967581698', '2020-11-03 13:32:40', NULL);
INSERT INTO `sys_menu` VALUES ('1323465417802278401', '1323465416611367426', '酷屏预览', NULL, NULL, NULL, 'visual:screen:preview', NULL, 2, NULL, 0, 4, 1, '1214835832967581698', '2020-11-03 13:32:40', '1214835832967581698', '2020-11-03 13:32:40', NULL);
INSERT INTO `sys_menu` VALUES ('1323465418100034561', '1323465416611367426', '酷屏删除', NULL, NULL, NULL, 'visual:screen:remove', NULL, 2, NULL, 0, 5, 1, '1214835832967581698', '2020-11-03 13:32:40', '1214835832967581698', '2020-11-03 13:32:40', NULL);
INSERT INTO `sys_menu` VALUES ('1323465418218860801', '1323465416611367426', '酷屏拷贝', NULL, NULL, NULL, 'visual:screen:copy', NULL, 2, NULL, 0, 6, 1, '1214835832967581698', '2020-11-03 13:32:40', '1214835832967581698', '2020-11-03 13:32:40', NULL);
INSERT INTO `sys_menu` VALUES ('1323465418392440833', '0', '流程管理', '/workflow', 'Layout', '/workflow/index', NULL, 'form', 0, '80', 0, 8, 1, '1214835832967581698', '2020-11-03 13:32:40', '1214835832967581698', '2020-11-03 13:32:40', NULL);
INSERT INTO `sys_menu` VALUES ('1323465421974376449', '1323465418392440833', '看板', 'index', '/workflow/index', NULL, NULL, 'form', 1, NULL, 1, 1, 1, '1214835832967581698', '2020-11-03 13:32:40', '1214835832967581698', '2020-11-03 13:32:40', NULL);
INSERT INTO `sys_menu` VALUES ('1323465424239300610', '1323465418392440833', '流程定义', 'definition', '/workflow/definition/index', NULL, NULL, 'form', 1, '8011', 0, 2, 1, '1214835832967581698', '2020-11-03 13:32:40', '1214835832967581698', '2020-11-03 13:32:40', NULL);
INSERT INTO `sys_menu` VALUES ('1323465428202917890', '1323465424239300610', '流程分类新增', NULL, NULL, NULL, 'workflow:definition:type:add', NULL, 2, NULL, 0, 1, 1, '1214835832967581698', '2020-11-03 13:32:40', '1214835832967581698', '2020-11-03 13:32:40', NULL);
INSERT INTO `sys_menu` VALUES ('1323465431923265538', '1323465424239300610', '流程分类修改', NULL, NULL, NULL, 'workflow:definition:type:edit', NULL, 2, NULL, 0, 2, 1, '1214835832967581698', '2020-11-03 13:32:40', '1214835832967581698', '2020-11-03 13:32:40', NULL);
INSERT INTO `sys_menu` VALUES ('1323465434813140993', '1323465424239300610', '流程分类详情', NULL, NULL, NULL, 'workflow:definition:type:detail', NULL, 2, NULL, 0, 3, 1, '1214835832967581698', '2020-11-03 13:32:40', '1214835832967581698', '2020-11-03 13:32:40', NULL);
INSERT INTO `sys_menu` VALUES ('1323465438407659522', '1323465424239300610', '流程分类删除', NULL, NULL, NULL, 'workflow:definition:type:remove', NULL, 2, NULL, 0, 4, 1, '1214835832967581698', '2020-11-03 13:32:40', '1214835832967581698', '2020-11-03 13:32:40', NULL);
INSERT INTO `sys_menu` VALUES ('1323465442094452738', '1323465424239300610', '流程定义导入', NULL, NULL, NULL, 'workflow:definition:import', NULL, 2, NULL, 0, 5, 1, '1214835832967581698', '2020-11-03 13:32:40', '1214835832967581698', '2020-11-03 13:32:40', NULL);
INSERT INTO `sys_menu` VALUES ('1323465445244375042', '1323465424239300610', '流程定义流程图', NULL, NULL, NULL, 'workflow:definition:resource', NULL, 2, NULL, 0, 6, 1, '1214835832967581698', '2020-11-03 13:32:40', '1214835832967581698', '2020-11-03 13:32:40', NULL);
INSERT INTO `sys_menu` VALUES ('1323465448629178369', '1323465424239300610', '流程定义激活', NULL, NULL, NULL, 'workflow:definition:activate', NULL, 2, NULL, 0, 7, 1, '1214835832967581698', '2020-11-03 13:32:40', '1214835832967581698', '2020-11-03 13:32:40', NULL);
INSERT INTO `sys_menu` VALUES ('1323491848870330369', '1323465424239300610', '流程定义挂起', NULL, NULL, NULL, 'workflow:definition:suspend', NULL, 2, NULL, 0, 8, 1, '1214835832967581698', '2020-11-03 13:32:40', '1214835832967581698', '2020-11-03 13:32:40', NULL);
INSERT INTO `sys_menu` VALUES ('1323491854062878722', '1323465424239300610', '流程定义删除', NULL, NULL, NULL, 'workflow:definition:remove', NULL, 2, NULL, 0, 9, 1, '1214835832967581698', '2020-11-03 13:32:40', '1214835832967581698', '2020-11-03 13:32:40', NULL);
INSERT INTO `sys_menu` VALUES ('1323491858198462465', '1323465418392440833', '流程实例', 'instance', '/workflow/instance/index', '/workflow/instance/running', NULL, 'form', 0, '8020', 0, 3, 1, '1214835832967581698', '2020-11-03 13:32:40', '1214835832967581698', '2020-11-03 13:32:40', NULL);
INSERT INTO `sys_menu` VALUES ('1323491860798930945', '1323491858198462465', '运行中的流程', 'running', '/workflow/instance/running/index', NULL, NULL, 'form', 1, '8021', 0, 1, 1, '1214835832967581698', '2020-11-03 13:32:40', '1214835832967581698', '2020-11-03 13:32:40', NULL);
INSERT INTO `sys_menu` VALUES ('1323491863856578561', '1323491860798930945', '流程追踪', NULL, NULL, NULL, 'workflow:instance:track', NULL, 2, NULL, 0, 1, 1, '1214835832967581698', '2020-11-03 13:32:40', '1214835832967581698', '2020-11-03 13:32:40', NULL);
INSERT INTO `sys_menu` VALUES ('1323491866775814145', '1323491860798930945', '流程激活', NULL, NULL, NULL, 'workflow:instance:running:activate', NULL, 2, NULL, 0, 2, 1, '1214835832967581698', '2020-11-03 13:32:40', '1214835832967581698', '2020-11-03 13:32:40', NULL);
INSERT INTO `sys_menu` VALUES ('1323491870609408001', '1323491860798930945', '流程挂起', NULL, NULL, NULL, 'workflow:instance:running:suspend', NULL, 2, NULL, 0, 3, 1, '1214835832967581698', '2020-11-03 13:32:40', '1214835832967581698', '2020-11-03 13:32:40', NULL);
INSERT INTO `sys_menu` VALUES ('1323491873587363842', '1323491860798930945', '流程删除', NULL, NULL, NULL, 'workflow:instance:running:remove', NULL, 2, NULL, 0, 4, 1, '1214835832967581698', '2020-11-03 13:32:40', '1214835832967581698', '2020-11-03 13:32:40', NULL);
INSERT INTO `sys_menu` VALUES ('1323491877102190593', '1323491858198462465', '我发起的流程', 'mystarted', '/workflow/instance/mystarted/index', NULL, NULL, 'form', 1, '8022', 0, 2, 1, '1214835832967581698', '2020-11-03 13:32:40', '1214835832967581698', '2020-11-03 13:32:40', NULL);
INSERT INTO `sys_menu` VALUES ('1323491881074196481', '1323491858198462465', '我参与的流程', 'myinvolved', '/workflow/instance/myinvolved/index', NULL, NULL, 'form', 1, '8023', 0, 3, 1, '1214835832967581698', '2020-11-03 13:32:40', '1214835832967581698', '2020-11-03 13:32:40', NULL);
INSERT INTO `sys_menu` VALUES ('1323491884450611202', '1323465418392440833', '流程任务', 'task', '/workflow/task/index', '/workflow/task/todo', NULL, 'form', 0, '8030', 0, 4, 1, '1214835832967581698', '2020-11-03 13:32:40', '1214835832967581698', '2020-11-03 13:32:40', NULL);
INSERT INTO `sys_menu` VALUES ('1323491888380674050', '1323491884450611202', '待办任务', 'todo', '/workflow/task/todo/index', NULL, NULL, 'form', 1, '8031', 0, 1, 1, '1214835832967581698', '2020-11-03 13:32:40', '1214835832967581698', '2020-11-03 13:32:40', NULL);
INSERT INTO `sys_menu` VALUES ('1323491891807420417', '1323491888380674050', '任务签收', NULL, NULL, NULL, 'workflow:task:caim', NULL, 2, NULL, 0, 1, 1, '1214835832967581698', '2020-11-03 13:32:40', '1214835832967581698', '2020-11-03 13:32:40', NULL);
INSERT INTO `sys_menu` VALUES ('1323491895217389569', '1323491888380674050', '任务反签收', NULL, NULL, NULL, 'workflow:task:unclaim', NULL, 2, NULL, 0, 2, 1, '1214835832967581698', '2020-11-03 13:32:40', '1214835832967581698', '2020-11-03 13:32:40', NULL);
INSERT INTO `sys_menu` VALUES ('1323491898304397313', '1323491888380674050', '任务委派', NULL, NULL, NULL, 'workflow:task:delegate', NULL, 2, NULL, 0, 3, 1, '1214835832967581698', '2020-11-03 13:32:40', '1214835832967581698', '2020-11-03 13:32:40', NULL);
INSERT INTO `sys_menu` VALUES ('1323491900485435393', '1323491888380674050', '任务转办', NULL, NULL, NULL, 'workflow:task:assignee', NULL, 2, NULL, 0, 4, 1, '1214835832967581698', '2020-11-03 13:32:40', '1214835832967581698', '2020-11-03 13:32:40', NULL);
INSERT INTO `sys_menu` VALUES ('1323491903840878594', '1323491888380674050', '任务审核', NULL, NULL, NULL, 'workflow:task:exam', NULL, 2, NULL, 0, 5, 1, '1214835832967581698', '2020-11-03 13:32:40', '1214835832967581698', '2020-11-03 13:32:40', NULL);
INSERT INTO `sys_menu` VALUES ('1323491906328100865', '1323491884450611202', '已办任务', 'done', '/workflow/task/done/index', NULL, NULL, 'form', 1, '8032', 0, 2, 1, '1214835832967581698', '2020-11-03 13:32:40', '1214835832967581698', '2020-11-03 13:32:40', NULL);
INSERT INTO `sys_menu` VALUES ('1323491908735631361', '1323465418392440833', '业务配置', 'business', '/workflow/business/index', NULL, NULL, 'form', 1, '8041', 0, 5, 1, '1214835832967581698', '2020-11-03 13:32:40', '1214835832967581698', '2020-11-03 13:32:40', NULL);
INSERT INTO `sys_menu` VALUES ('1323491911856193538', '1323491908735631361', '业务配置新增', NULL, NULL, NULL, 'workflow:business:add', NULL, 2, NULL, 0, 1, 1, '1214835832967581698', '2020-11-03 13:32:40', '1214835832967581698', '2020-11-03 13:32:40', NULL);
INSERT INTO `sys_menu` VALUES ('1323491915605901314', '1323491908735631361', '业务配置新增', NULL, NULL, NULL, 'workflow:business:edit', NULL, 2, NULL, 0, 2, 1, '1214835832967581698', '2020-11-03 13:32:40', '1214835832967581698', '2020-11-03 13:32:40', NULL);
INSERT INTO `sys_menu` VALUES ('1323491918722269185', '1323491908735631361', '业务配置新增', NULL, NULL, NULL, 'workflow:business:detail', NULL, 2, NULL, 0, 3, 1, '1214835832967581698', '2020-11-03 13:32:40', '1214835832967581698', '2020-11-03 13:32:40', NULL);
INSERT INTO `sys_menu` VALUES ('1323491921226268673', '1323491908735631361', '业务配置新增', NULL, NULL, NULL, 'workflow:business:remove', NULL, 2, NULL, 0, 4, 1, '1214835832967581698', '2020-11-03 13:32:40', '1214835832967581698', '2020-11-03 13:32:40', NULL);
INSERT INTO `sys_menu` VALUES ('1323491925059862529', '1323491908735631361', '刷新缓存', NULL, NULL, NULL, 'workflow:business:refresh', NULL, 2, NULL, 0, 5, 1, '1214835832967581698', '2020-11-03 13:32:40', '1214835832967581698', '2020-11-03 13:32:40', NULL);
COMMIT;

-- ----------------------------
-- Table structure for sys_post
-- ----------------------------
DROP TABLE IF EXISTS `sys_post`;
CREATE TABLE `sys_post` (
  `id` varchar(50) CHARACTER SET utf8mb4 COLLATE utf8mb4_general_ci NOT NULL COMMENT '主键ID',
  `post_name` varchar(50) CHARACTER SET utf8mb4 COLLATE utf8mb4_general_ci DEFAULT NULL COMMENT '岗位名称',
  `status` tinyint DEFAULT NULL COMMENT '状态（0不启用，1启用）',
  `create_by` varchar(50) CHARACTER SET utf8mb4 COLLATE utf8mb4_general_ci DEFAULT NULL COMMENT '创建人',
  `create_time` datetime DEFAULT NULL COMMENT '创建日期',
  `update_by` varchar(50) CHARACTER SET utf8mb4 COLLATE utf8mb4_general_ci DEFAULT NULL COMMENT '更新人',
  `update_time` datetime DEFAULT NULL COMMENT '更新日期',
  `remark` varchar(1000) CHARACTER SET utf8mb4 COLLATE utf8mb4_general_ci DEFAULT NULL COMMENT '备注',
  PRIMARY KEY (`id`) USING BTREE
) ENGINE=InnoDB DEFAULT CHARSET=utf8mb4 COLLATE=utf8mb4_general_ci ROW_FORMAT=DYNAMIC COMMENT='岗位信息表';

-- ----------------------------
-- Records of sys_post
-- ----------------------------
BEGIN;
INSERT INTO `sys_post` VALUES ('1214825605782228993', '项目经理', 1, '1', '2020-01-08 16:26:09', '1', '2020-01-08 16:26:09', NULL);
INSERT INTO `sys_post` VALUES ('1214825677672599554', '普通员工', 1, '1', '2020-01-08 16:26:27', '1', '2020-01-08 16:26:27', NULL);
COMMIT;

-- ----------------------------
-- Table structure for sys_role
-- ----------------------------
DROP TABLE IF EXISTS `sys_role`;
CREATE TABLE `sys_role` (
  `id` varchar(50) CHARACTER SET utf8mb4 COLLATE utf8mb4_general_ci NOT NULL COMMENT '主键ID',
  `role_name` varchar(50) CHARACTER SET utf8mb4 COLLATE utf8mb4_general_ci DEFAULT NULL COMMENT '角色名称',
  `role_code` varchar(50) CHARACTER SET utf8mb4 COLLATE utf8mb4_general_ci DEFAULT NULL COMMENT '角色编码',
  `data_scope` tinyint DEFAULT NULL COMMENT '数据范围（1：全部数据权限 2：自定数据权限 3：本部门数据权限 4：本部门及以下数据权限 5：仅本人数据权限）',
  `status` tinyint DEFAULT NULL COMMENT '状态（0不启用，1启用）',
  `create_by` varchar(50) CHARACTER SET utf8mb4 COLLATE utf8mb4_general_ci DEFAULT NULL COMMENT '创建人',
  `create_time` datetime DEFAULT NULL COMMENT '创建日期',
  `update_by` varchar(50) CHARACTER SET utf8mb4 COLLATE utf8mb4_general_ci DEFAULT NULL COMMENT '更新人',
  `update_time` datetime DEFAULT NULL COMMENT '更新日期',
  `remark` varchar(1000) CHARACTER SET utf8mb4 COLLATE utf8mb4_general_ci DEFAULT NULL COMMENT '备注',
  PRIMARY KEY (`id`) USING BTREE
) ENGINE=InnoDB DEFAULT CHARSET=utf8mb4 COLLATE=utf8mb4_general_ci ROW_FORMAT=DYNAMIC COMMENT='角色信息表';

-- ----------------------------
-- Records of sys_role
-- ----------------------------
BEGIN;
INSERT INTO `sys_role` VALUES ('1214826565321543682', '管理员', 'admin', 1, 1, '1', '2020-01-08 16:29:58', '1214835832967581698', '2020-12-03 10:44:06', NULL);
INSERT INTO `sys_role` VALUES ('1319084037507244034', '普通用户', 'simple', 1, 1, '1214835832967581698', '2020-10-22 09:11:57', '1214835832967581698', '2020-12-18 08:28:55', NULL);
INSERT INTO `sys_role` VALUES ('1319092939179286529', '审核用户', 'audit', 1, 1, '1319084968579817473', '2020-10-22 09:47:19', '1214835832967581698', '2020-11-03 16:07:36', NULL);
COMMIT;

-- ----------------------------
-- Table structure for sys_role_dept
-- ----------------------------
DROP TABLE IF EXISTS `sys_role_dept`;
CREATE TABLE `sys_role_dept` (
  `id` varchar(50) CHARACTER SET utf8mb4 COLLATE utf8mb4_general_ci NOT NULL COMMENT '角色部门主键ID',
  `role_id` varchar(50) CHARACTER SET utf8mb4 COLLATE utf8mb4_general_ci NOT NULL COMMENT '角色ID',
  `dept_id` varchar(50) CHARACTER SET utf8mb4 COLLATE utf8mb4_general_ci NOT NULL COMMENT '部门ID',
  PRIMARY KEY (`id`,`role_id`,`dept_id`) USING BTREE
) ENGINE=InnoDB DEFAULT CHARSET=utf8mb4 COLLATE=utf8mb4_general_ci ROW_FORMAT=DYNAMIC COMMENT='角色和部门关联表';

-- ----------------------------
-- Records of sys_role_dept
-- ----------------------------
BEGIN;
COMMIT;

-- ----------------------------
-- Table structure for sys_role_menu
-- ----------------------------
DROP TABLE IF EXISTS `sys_role_menu`;
CREATE TABLE `sys_role_menu` (
  `id` varchar(50) CHARACTER SET utf8mb4 COLLATE utf8mb4_general_ci NOT NULL COMMENT '角色菜单主键ID',
  `role_id` varchar(50) CHARACTER SET utf8mb4 COLLATE utf8mb4_general_ci DEFAULT NULL COMMENT '角色ID',
  `menu_id` varchar(50) CHARACTER SET utf8mb4 COLLATE utf8mb4_general_ci DEFAULT NULL COMMENT '菜单ID',
  PRIMARY KEY (`id`) USING BTREE
) ENGINE=InnoDB DEFAULT CHARSET=utf8mb4 COLLATE=utf8mb4_general_ci ROW_FORMAT=DYNAMIC COMMENT='角色和资源关联表';

-- ----------------------------
-- Records of sys_role_menu
-- ----------------------------
BEGIN;
INSERT INTO `sys_role_menu` VALUES ('1323537293931868161', '1319092939179286529', '1323465418392440833');
INSERT INTO `sys_role_menu` VALUES ('1323537293931868162', '1319092939179286529', '1323465421974376449');
INSERT INTO `sys_role_menu` VALUES ('1323537293931868163', '1319092939179286529', '1323465424239300610');
INSERT INTO `sys_role_menu` VALUES ('1323537293931868164', '1319092939179286529', '1323465428202917890');
INSERT INTO `sys_role_menu` VALUES ('1323537293931868165', '1319092939179286529', '1323465431923265538');
INSERT INTO `sys_role_menu` VALUES ('1323537293931868166', '1319092939179286529', '1323465434813140993');
INSERT INTO `sys_role_menu` VALUES ('1323537293931868167', '1319092939179286529', '1323465438407659522');
INSERT INTO `sys_role_menu` VALUES ('1323537293931868168', '1319092939179286529', '1323465442094452738');
INSERT INTO `sys_role_menu` VALUES ('1323537293931868169', '1319092939179286529', '1323465445244375042');
INSERT INTO `sys_role_menu` VALUES ('1323537293931868170', '1319092939179286529', '1323465448629178369');
INSERT INTO `sys_role_menu` VALUES ('1323537293931868171', '1319092939179286529', '1323491848870330369');
INSERT INTO `sys_role_menu` VALUES ('1323537293931868172', '1319092939179286529', '1323491854062878722');
INSERT INTO `sys_role_menu` VALUES ('1323537293931868173', '1319092939179286529', '1323491858198462465');
INSERT INTO `sys_role_menu` VALUES ('1323537293931868174', '1319092939179286529', '1323491860798930945');
INSERT INTO `sys_role_menu` VALUES ('1323537293931868175', '1319092939179286529', '1323491863856578561');
INSERT INTO `sys_role_menu` VALUES ('1323537293931868176', '1319092939179286529', '1323491866775814145');
INSERT INTO `sys_role_menu` VALUES ('1323537293931868177', '1319092939179286529', '1323491870609408001');
INSERT INTO `sys_role_menu` VALUES ('1323537293931868178', '1319092939179286529', '1323491873587363842');
INSERT INTO `sys_role_menu` VALUES ('1323537293931868179', '1319092939179286529', '1323491877102190593');
INSERT INTO `sys_role_menu` VALUES ('1323537293931868180', '1319092939179286529', '1323491881074196481');
INSERT INTO `sys_role_menu` VALUES ('1323537293931868181', '1319092939179286529', '1323491884450611202');
INSERT INTO `sys_role_menu` VALUES ('1323537293931868182', '1319092939179286529', '1323491888380674050');
INSERT INTO `sys_role_menu` VALUES ('1323537293931868183', '1319092939179286529', '1323491891807420417');
INSERT INTO `sys_role_menu` VALUES ('1323537293931868184', '1319092939179286529', '1323491895217389569');
INSERT INTO `sys_role_menu` VALUES ('1323537293931868185', '1319092939179286529', '1323491898304397313');
INSERT INTO `sys_role_menu` VALUES ('1323537293931868186', '1319092939179286529', '1323491900485435393');
INSERT INTO `sys_role_menu` VALUES ('1323537293931868187', '1319092939179286529', '1323491903840878594');
INSERT INTO `sys_role_menu` VALUES ('1323537293931868188', '1319092939179286529', '1323491906328100865');
INSERT INTO `sys_role_menu` VALUES ('1323537293931868189', '1319092939179286529', '1323491908735631361');
INSERT INTO `sys_role_menu` VALUES ('1323537293931868190', '1319092939179286529', '1323491911856193538');
INSERT INTO `sys_role_menu` VALUES ('1323537293931868191', '1319092939179286529', '1323491915605901314');
INSERT INTO `sys_role_menu` VALUES ('1323537293931868192', '1319092939179286529', '1323491918722269185');
INSERT INTO `sys_role_menu` VALUES ('1323537293931868193', '1319092939179286529', '1323491921226268673');
INSERT INTO `sys_role_menu` VALUES ('1323537293931868194', '1319092939179286529', '1323491925059862529');
INSERT INTO `sys_role_menu` VALUES ('1338734330062684161', '1214826565321543682', '1323439314692685825');
INSERT INTO `sys_role_menu` VALUES ('1338734330062684162', '1214826565321543682', '1323439318413033473');
INSERT INTO `sys_role_menu` VALUES ('1338734330062684163', '1214826565321543682', '1323439321634258945');
INSERT INTO `sys_role_menu` VALUES ('1338734330062684164', '1214826565321543682', '1323439323769159681');
INSERT INTO `sys_role_menu` VALUES ('1338734330062684165', '1214826565321543682', '1323439327296569346');
INSERT INTO `sys_role_menu` VALUES ('1338734330062684166', '1214826565321543682', '1323439329708294145');
INSERT INTO `sys_role_menu` VALUES ('1338734330062684167', '1214826565321543682', '1323439332476534786');
INSERT INTO `sys_role_menu` VALUES ('1338734330062684168', '1214826565321543682', '1323439336071053314');
INSERT INTO `sys_role_menu` VALUES ('1338734330062684169', '1214826565321543682', '1323439338231119873');
INSERT INTO `sys_role_menu` VALUES ('1338734330062684170', '1214826565321543682', '1323439341569785858');
INSERT INTO `sys_role_menu` VALUES ('1338734330062684171', '1214826565321543682', '1323439344791011329');
INSERT INTO `sys_role_menu` VALUES ('1338734330062684172', '1214826565321543682', '1323439348771405826');
INSERT INTO `sys_role_menu` VALUES ('1338734330062684173', '1214826565321543682', '1323439351912939522');
INSERT INTO `sys_role_menu` VALUES ('1338734330062684174', '1214826565321543682', '1323439355318714370');
INSERT INTO `sys_role_menu` VALUES ('1338734330062684175', '1214826565321543682', '1323439359127142401');
INSERT INTO `sys_role_menu` VALUES ('1338734330062684176', '1214826565321543682', '1323439362759409666');
INSERT INTO `sys_role_menu` VALUES ('1338734330062684177', '1214826565321543682', '1323439365372461057');
INSERT INTO `sys_role_menu` VALUES ('1338734330062684178', '1214826565321543682', '1323439367612219394');
INSERT INTO `sys_role_menu` VALUES ('1338734330062684179', '1214826565321543682', '1323439371785551873');
INSERT INTO `sys_role_menu` VALUES ('1338734330062684180', '1214826565321543682', '1323439375539453953');
INSERT INTO `sys_role_menu` VALUES ('1338734330062684181', '1214826565321543682', '1323439378580324354');
INSERT INTO `sys_role_menu` VALUES ('1338734330062684182', '1214826565321543682', '1323439381906407425');
INSERT INTO `sys_role_menu` VALUES ('1338734330062684183', '1214826565321543682', '1323439384934694913');
INSERT INTO `sys_role_menu` VALUES ('1338734330062684184', '1214826565321543682', '1323439387669381121');
INSERT INTO `sys_role_menu` VALUES ('1338734330062684185', '1214826565321543682', '1323439390789943298');
INSERT INTO `sys_role_menu` VALUES ('1338734330062684186', '1214826565321543682', '1323439393298137089');
INSERT INTO `sys_role_menu` VALUES ('1338734330062684187', '1214826565321543682', '1323439396758437890');
INSERT INTO `sys_role_menu` VALUES ('1338734330062684188', '1214826565321543682', '1323439399979663361');
INSERT INTO `sys_role_menu` VALUES ('1338734330062684189', '1214826565321543682', '1323439402764681218');
INSERT INTO `sys_role_menu` VALUES ('1338734330062684190', '1214826565321543682', '1323439406451474434');
INSERT INTO `sys_role_menu` VALUES ('1338734330062684191', '1214826565321543682', '1323439408812867585');
INSERT INTO `sys_role_menu` VALUES ('1338734330062684192', '1214826565321543682', '1323439412055064578');
INSERT INTO `sys_role_menu` VALUES ('1338734330062684193', '1214826565321543682', '1323439415838326785');
INSERT INTO `sys_role_menu` VALUES ('1338734330062684194', '1214826565321543682', '1323439419256684545');
INSERT INTO `sys_role_menu` VALUES ('1338734330062684195', '1214826565321543682', '1323439423211913218');
INSERT INTO `sys_role_menu` VALUES ('1338734330062684196', '1214826565321543682', '1323439426693185537');
INSERT INTO `sys_role_menu` VALUES ('1338734330062684197', '1214826565321543682', '1323439428819697665');
INSERT INTO `sys_role_menu` VALUES ('1338734330062684198', '1214826565321543682', '1323439431755710465');
INSERT INTO `sys_role_menu` VALUES ('1338734330062684199', '1214826565321543682', '1323439434893049857');
INSERT INTO `sys_role_menu` VALUES ('1338734330062684200', '1214826565321543682', '1323439437258637313');
INSERT INTO `sys_role_menu` VALUES ('1338734330062684201', '1214826565321543682', '1323439440840572930');
INSERT INTO `sys_role_menu` VALUES ('1338734330062684202', '1214826565321543682', '1323439444309262337');
INSERT INTO `sys_role_menu` VALUES ('1338734330062684203', '1214826565321543682', '1323439447442407426');
INSERT INTO `sys_role_menu` VALUES ('1338734330062684204', '1214826565321543682', '1323439450667827202');
INSERT INTO `sys_role_menu` VALUES ('1338734330062684205', '1214826565321543682', '1323439454547558402');
INSERT INTO `sys_role_menu` VALUES ('1338734330062684206', '1214826565321543682', '1323439457684897793');
INSERT INTO `sys_role_menu` VALUES ('1338734330062684207', '1214826565321543682', '1323439461132615682');
INSERT INTO `sys_role_menu` VALUES ('1338734330062684208', '1214826565321543682', '1323439463754055682');
INSERT INTO `sys_role_menu` VALUES ('1338734330062684209', '1214826565321543682', '1323446715848216577');
INSERT INTO `sys_role_menu` VALUES ('1338734330062684210', '1214826565321543682', '1323446719488872450');
INSERT INTO `sys_role_menu` VALUES ('1338734330062684211', '1214826565321543682', '1323446723389575170');
INSERT INTO `sys_role_menu` VALUES ('1338734330062684212', '1214826565321543682', '1323446727512576001');
INSERT INTO `sys_role_menu` VALUES ('1338734330062684213', '1214826565321543682', '1323446731551690753');
INSERT INTO `sys_role_menu` VALUES ('1338734330062684214', '1214826565321543682', '1323446733736923137');
INSERT INTO `sys_role_menu` VALUES ('1338734330062684215', '1214826565321543682', '1323446737285304322');
INSERT INTO `sys_role_menu` VALUES ('1338734330062684216', '1214826565321543682', '1323446741144064001');
INSERT INTO `sys_role_menu` VALUES ('1338734330062684217', '1214826565321543682', '1323446745309007873');
INSERT INTO `sys_role_menu` VALUES ('1338734330062684218', '1214826565321543682', '1323446748291158018');
INSERT INTO `sys_role_menu` VALUES ('1338734330062684219', '1214826565321543682', '1323446755090124802');
INSERT INTO `sys_role_menu` VALUES ('1338734330062684220', '1214826565321543682', '1323446758726586370');
INSERT INTO `sys_role_menu` VALUES ('1338734330062684221', '1214826565321543682', '1323446761884897282');
INSERT INTO `sys_role_menu` VALUES ('1338734330062684222', '1214826565321543682', '1323446765831737346');
INSERT INTO `sys_role_menu` VALUES ('1338734330062684223', '1214826565321543682', '1323446768281210882');
INSERT INTO `sys_role_menu` VALUES ('1338734330062684224', '1214826565321543682', '1323446772064473090');
INSERT INTO `sys_role_menu` VALUES ('1338734330062684225', '1214826565321543682', '1323446774992097282');
INSERT INTO `sys_role_menu` VALUES ('1338734330062684226', '1214826565321543682', '1323446778368512002');
INSERT INTO `sys_role_menu` VALUES ('1338734330062684227', '1214826565321543682', '1323446782034333697');
INSERT INTO `sys_role_menu` VALUES ('1338734330062684228', '1214826565321543682', '1323446785037455362');
INSERT INTO `sys_role_menu` VALUES ('1338734330062684229', '1214826565321543682', '1323446788590030850');
INSERT INTO `sys_role_menu` VALUES ('1338734330062684230', '1214826565321543682', '1323446792067108865');
INSERT INTO `sys_role_menu` VALUES ('1338734330062684231', '1214826565321543682', '1323446796131389441');
INSERT INTO `sys_role_menu` VALUES ('1338734330062684232', '1214826565321543682', '1323446800178892801');
INSERT INTO `sys_role_menu` VALUES ('1338734330062684233', '1214826565321543682', '1323446803093934082');
INSERT INTO `sys_role_menu` VALUES ('1338734330062684234', '1214826565321543682', '1323446806457765890');
INSERT INTO `sys_role_menu` VALUES ('1338734330062684235', '1214826565321543682', '1323446810152947713');
INSERT INTO `sys_role_menu` VALUES ('1338734330062684236', '1214826565321543682', '1323446812367540226');
INSERT INTO `sys_role_menu` VALUES ('1338734330062684237', '1214826565321543682', '1323446814506635265');
INSERT INTO `sys_role_menu` VALUES ('1338734330062684238', '1214826565321543682', '1323446818050822146');
INSERT INTO `sys_role_menu` VALUES ('1338734330062684239', '1214826565321543682', '1323446821838278657');
INSERT INTO `sys_role_menu` VALUES ('1338734330062684240', '1214826565321543682', '1323446824904314882');
INSERT INTO `sys_role_menu` VALUES ('1338734330062684241', '1214826565321543682', '1323446828507222018');
INSERT INTO `sys_role_menu` VALUES ('1338734330062684242', '1214826565321543682', '1323446830755368961');
INSERT INTO `sys_role_menu` VALUES ('1338734330062684243', '1214826565321543682', '1323446833439723522');
INSERT INTO `sys_role_menu` VALUES ('1338734330062684244', '1214826565321543682', '1323446835830476801');
INSERT INTO `sys_role_menu` VALUES ('1338734330062684245', '1214826565321543682', '1323446838196064257');
INSERT INTO `sys_role_menu` VALUES ('1338734330062684246', '1214826565321543682', '1323446842084184065');
INSERT INTO `sys_role_menu` VALUES ('1338734330062684247', '1214826565321543682', '1323446844382662657');
INSERT INTO `sys_role_menu` VALUES ('1338734330062684248', '1214826565321543682', '1323446848434360322');
INSERT INTO `sys_role_menu` VALUES ('1338734330062684249', '1214826565321543682', '1323446851588476930');
INSERT INTO `sys_role_menu` VALUES ('1338734330062684250', '1214826565321543682', '1323446854285414401');
INSERT INTO `sys_role_menu` VALUES ('1338734330062684251', '1214826565321543682', '1323446856474841089');
INSERT INTO `sys_role_menu` VALUES ('1338734330062684252', '1214826565321543682', '1323446858899148801');
INSERT INTO `sys_role_menu` VALUES ('1338734330062684253', '1214826565321543682', '1323446861998739458');
INSERT INTO `sys_role_menu` VALUES ('1338734330062684254', '1214826565321543682', '1323446864804728834');
INSERT INTO `sys_role_menu` VALUES ('1338734330062684255', '1214826565321543682', '1323446867434557441');
INSERT INTO `sys_role_menu` VALUES ('1338734330062684256', '1214826565321543682', '1323446871129739266');
INSERT INTO `sys_role_menu` VALUES ('1338734330062684257', '1214826565321543682', '1323446872239749167');
INSERT INTO `sys_role_menu` VALUES ('1338734330062684258', '1214826565321543682', '1323446873914757121');
INSERT INTO `sys_role_menu` VALUES ('1338734330062684259', '1214826565321543682', '1323457155479363586');
INSERT INTO `sys_role_menu` VALUES ('1338734330062684260', '1214826565321543682', '1323457160046960641');
INSERT INTO `sys_role_menu` VALUES ('1338734330062684261', '1214826565321543682', '1323457163289157633');
INSERT INTO `sys_role_menu` VALUES ('1338734330062684262', '1214826565321543682', '1323457168091635713');
INSERT INTO `sys_role_menu` VALUES ('1338734330062684263', '1214826565321543682', '1323457171208003585');
INSERT INTO `sys_role_menu` VALUES ('1338734330062684264', '1214826565321543682', '1323457174412451841');
INSERT INTO `sys_role_menu` VALUES ('1338734330062684265', '1214826565321543682', '1323457176954200065');
INSERT INTO `sys_role_menu` VALUES ('1338734330062684266', '1214826565321543682', '1323457180657770497');
INSERT INTO `sys_role_menu` VALUES ('1338734330062684267', '1214826565321543682', '1323457183010775041');
INSERT INTO `sys_role_menu` VALUES ('1338734330062684268', '1214826565321543682', '1323457185179230209');
INSERT INTO `sys_role_menu` VALUES ('1338734330062684269', '1214826565321543682', '1323457188840857601');
INSERT INTO `sys_role_menu` VALUES ('1338734330062684270', '1214826565321543682', '1323457190950592513');
INSERT INTO `sys_role_menu` VALUES ('1338734330062684271', '1214826565321543682', '1323457193882411009');
INSERT INTO `sys_role_menu` VALUES ('1338734330062684272', '1214826565321543682', '1323457195987951617');
INSERT INTO `sys_role_menu` VALUES ('1338734330062684273', '1214826565321543682', '1323457199494389762');
INSERT INTO `sys_role_menu` VALUES ('1338734330062684274', '1214826565321543682', '1323457202715615233');
INSERT INTO `sys_role_menu` VALUES ('1338734330062684275', '1214826565321543682', '1323457206838616066');
INSERT INTO `sys_role_menu` VALUES ('1338734330062684276', '1214826565321543682', '1323457210680598530');
INSERT INTO `sys_role_menu` VALUES ('1338734330062684277', '1214826565321543682', '1323457213478199298');
INSERT INTO `sys_role_menu` VALUES ('1338734330062684278', '1214826565321543682', '1323457216112222210');
INSERT INTO `sys_role_menu` VALUES ('1338734330062684279', '1214826565321543682', '1323457220054867969');
INSERT INTO `sys_role_menu` VALUES ('1338734330062684280', '1214826565321543682', '1323457223376756738');
INSERT INTO `sys_role_menu` VALUES ('1338734330062684281', '1214826565321543682', '1323457226472153090');
INSERT INTO `sys_role_menu` VALUES ('1338734330062684282', '1214826565321543682', '1323457229768876033');
INSERT INTO `sys_role_menu` VALUES ('1338734330062684283', '1214826565321543682', '1323457232570671106');
INSERT INTO `sys_role_menu` VALUES ('1338734330062684284', '1214826565321543682', '1323457235842228226');
INSERT INTO `sys_role_menu` VALUES ('1338734330062684285', '1214826565321543682', '1323457239495467009');
INSERT INTO `sys_role_menu` VALUES ('1338734330062684286', '1214826565321543682', '1323457241680699394');
INSERT INTO `sys_role_menu` VALUES ('1338734330062684287', '1214826565321543682', '1323457245346521089');
INSERT INTO `sys_role_menu` VALUES ('1338734330062684288', '1214826565321543682', '1323457248882319361');
INSERT INTO `sys_role_menu` VALUES ('1338734330062684289', '1214826565321543682', '1323457252309065730');
INSERT INTO `sys_role_menu` VALUES ('1338734330062684290', '1214826565321543682', '1323457256096522241');
INSERT INTO `sys_role_menu` VALUES ('1338734330062684291', '1214826565321543682', '1323457259636514817');
INSERT INTO `sys_role_menu` VALUES ('1338734330062684292', '1214826565321543682', '1323457262379589633');
INSERT INTO `sys_role_menu` VALUES ('1338734330062684293', '1214826565321543682', '1323457265072332802');
INSERT INTO `sys_role_menu` VALUES ('1338734330062684294', '1214826565321543682', '1323457267387588610');
INSERT INTO `sys_role_menu` VALUES ('1338734330062684295', '1214826565321543682', '1323457271124713473');
INSERT INTO `sys_role_menu` VALUES ('1338734330062684296', '1214826565321543682', '1323457273783902210');
INSERT INTO `sys_role_menu` VALUES ('1338734330062684297', '1214826565321543682', '1323457276178849794');
INSERT INTO `sys_role_menu` VALUES ('1338734330062684298', '1214826565321543682', '1323457280285073410');
INSERT INTO `sys_role_menu` VALUES ('1338734330062684299', '1214826565321543682', '1323457284382908418');
INSERT INTO `sys_role_menu` VALUES ('1338734330062684300', '1214826565321543682', '1323457288312971266');
INSERT INTO `sys_role_menu` VALUES ('1338734330062684301', '1214826565321543682', '1323457290468843522');
INSERT INTO `sys_role_menu` VALUES ('1338734330062684302', '1214826565321543682', '1323457293983670274');
INSERT INTO `sys_role_menu` VALUES ('1338734330062684303', '1214826565321543682', '1323457297620131842');
INSERT INTO `sys_role_menu` VALUES ('1338734330062684304', '1214826565321543682', '1323457300937826305');
INSERT INTO `sys_role_menu` VALUES ('1338734330062684305', '1214826565321543682', '1323457303185973249');
INSERT INTO `sys_role_menu` VALUES ('1338734330062684306', '1214826565321543682', '1323465292143890434');
INSERT INTO `sys_role_menu` VALUES ('1338734330062684307', '1214826565321543682', '1323465296644378625');
INSERT INTO `sys_role_menu` VALUES ('1338734330062684308', '1214826565321543682', '1323465300733825026');
INSERT INTO `sys_role_menu` VALUES ('1338734330062684309', '1214826565321543682', '1323465303497871361');
INSERT INTO `sys_role_menu` VALUES ('1338734330062684310', '1214826565321543682', '1323465306433884161');
INSERT INTO `sys_role_menu` VALUES ('1338734330062684311', '1214826565321543682', '1323465310024208386');
INSERT INTO `sys_role_menu` VALUES ('1338734330062684312', '1214826565321543682', '1323465313249628161');
INSERT INTO `sys_role_menu` VALUES ('1338734330062684313', '1214826565321543682', '1323465316550545409');
INSERT INTO `sys_role_menu` VALUES ('1338734330062684314', '1214826565321543682', '1323465319444615170');
INSERT INTO `sys_role_menu` VALUES ('1338734330062684315', '1214826565321543682', '1323465322640674817');
INSERT INTO `sys_role_menu` VALUES ('1338734330062684316', '1214826565321543682', '1323465324955930625');
INSERT INTO `sys_role_menu` VALUES ('1338734330062684317', '1214826565321543682', '1323465328038744065');
INSERT INTO `sys_role_menu` VALUES ('1338734330062684318', '1214826565321543682', '1323465331868143617');
INSERT INTO `sys_role_menu` VALUES ('1338734330062684319', '1214826565321543682', '1323465335894675457');
INSERT INTO `sys_role_menu` VALUES ('1338734330062684320', '1214826565321543682', '1323465338889408514');
INSERT INTO `sys_role_menu` VALUES ('1338734330062684321', '1214826565321543682', '1323465341871558657');
INSERT INTO `sys_role_menu` VALUES ('1338734330062684322', '1214826565321543682', '1323465345898090498');
INSERT INTO `sys_role_menu` VALUES ('1338734330062684323', '1214826565321543682', '1323465349958176769');
INSERT INTO `sys_role_menu` VALUES ('1338734330062684324', '1214826565321543682', '1323465352999047170');
INSERT INTO `sys_role_menu` VALUES ('1338734330062684325', '1214826565321543682', '1323465356161552386');
INSERT INTO `sys_role_menu` VALUES ('1338734330062684326', '1214826565321543682', '1323465359139508225');
INSERT INTO `sys_role_menu` VALUES ('1338734330062684327', '1214826565321543682', '1323465362562060290');
INSERT INTO `sys_role_menu` VALUES ('1338734330062684328', '1214826565321543682', '1323465364864733186');
INSERT INTO `sys_role_menu` VALUES ('1338734330062684329', '1214826565321543682', '1323465367142240257');
INSERT INTO `sys_role_menu` VALUES ('1338734330062684330', '1214826565321543682', '1323465369847566337');
INSERT INTO `sys_role_menu` VALUES ('1338734330062684331', '1214826565321543682', '1323465372125073409');
INSERT INTO `sys_role_menu` VALUES ('1338734330062684332', '1214826565321543682', '1323465374515826690');
INSERT INTO `sys_role_menu` VALUES ('1338734330062684333', '1214826565321543682', '1323465378643021825');
INSERT INTO `sys_role_menu` VALUES ('1338734330062684334', '1214826565321543682', '1323465380983443458');
INSERT INTO `sys_role_menu` VALUES ('1338734330062684335', '1214826565321543682', '1323465383680380930');
INSERT INTO `sys_role_menu` VALUES ('1338734330062684336', '1214826565321543682', '1323465385953693697');
INSERT INTO `sys_role_menu` VALUES ('1338734330062684337', '1214826565321543682', '1323465389925699585');
INSERT INTO `sys_role_menu` VALUES ('1338734330062684338', '1214826565321543682', '1323465393704767490');
INSERT INTO `sys_role_menu` VALUES ('1338734330062684339', '1214826565321543682', '1323465396888244225');
INSERT INTO `sys_role_menu` VALUES ('1338734330062684340', '1214826565321543682', '1323465400029777921');
INSERT INTO `sys_role_menu` VALUES ('1338734330062684341', '1214826565321543682', '1323465401029783632');
INSERT INTO `sys_role_menu` VALUES ('1338734330062684342', '1214826565321543682', '1323465402781241346');
INSERT INTO `sys_role_menu` VALUES ('1338734330062684343', '1214826565321543682', '1323465405113274369');
INSERT INTO `sys_role_menu` VALUES ('1338734330062684344', '1214826565321543682', '1323465407613079553');
INSERT INTO `sys_role_menu` VALUES ('1338734330062684345', '1214826565321543682', '1323465408371552934');
INSERT INTO `sys_role_menu` VALUES ('1338734330062684346', '1214826565321543682', '1323465410377125889');
INSERT INTO `sys_role_menu` VALUES ('1338734330062684347', '1214826565321543682', '1323465414361714689');
INSERT INTO `sys_role_menu` VALUES ('1338734330062684348', '1214826565321543682', '1323465415426742390');
INSERT INTO `sys_role_menu` VALUES ('1338734330062684349', '1214826565321543682', '1323465416611367426');
INSERT INTO `sys_role_menu` VALUES ('1338734330062684350', '1214826565321543682', '1323465416705008130');
INSERT INTO `sys_role_menu` VALUES ('1338734330062684351', '1214826565321543682', '1323465417236419686');
INSERT INTO `sys_role_menu` VALUES ('1338734330062684352', '1214826565321543682', '1323465417607196160');
INSERT INTO `sys_role_menu` VALUES ('1338734330062684353', '1214826565321543682', '1323465417802278401');
INSERT INTO `sys_role_menu` VALUES ('1338734330062684354', '1214826565321543682', '1323465418100034561');
INSERT INTO `sys_role_menu` VALUES ('1338734330062684355', '1214826565321543682', '1323465418218860801');
INSERT INTO `sys_role_menu` VALUES ('1338734330062684356', '1214826565321543682', '1323465418392440833');
INSERT INTO `sys_role_menu` VALUES ('1338734330062684357', '1214826565321543682', '1323465421974376449');
INSERT INTO `sys_role_menu` VALUES ('1338734330062684358', '1214826565321543682', '1323465424239300610');
INSERT INTO `sys_role_menu` VALUES ('1338734330062684359', '1214826565321543682', '1323465428202917890');
INSERT INTO `sys_role_menu` VALUES ('1338734330062684360', '1214826565321543682', '1323465431923265538');
INSERT INTO `sys_role_menu` VALUES ('1338734330062684361', '1214826565321543682', '1323465434813140993');
INSERT INTO `sys_role_menu` VALUES ('1338734330062684362', '1214826565321543682', '1323465438407659522');
INSERT INTO `sys_role_menu` VALUES ('1338734330062684363', '1214826565321543682', '1323465442094452738');
INSERT INTO `sys_role_menu` VALUES ('1338734330062684364', '1214826565321543682', '1323465445244375042');
INSERT INTO `sys_role_menu` VALUES ('1338734330062684365', '1214826565321543682', '1323465448629178369');
INSERT INTO `sys_role_menu` VALUES ('1338734330062684366', '1214826565321543682', '1323491848870330369');
INSERT INTO `sys_role_menu` VALUES ('1338734330062684367', '1214826565321543682', '1323491854062878722');
INSERT INTO `sys_role_menu` VALUES ('1338734330062684368', '1214826565321543682', '1323491858198462465');
INSERT INTO `sys_role_menu` VALUES ('1338734330062684369', '1214826565321543682', '1323491860798930945');
INSERT INTO `sys_role_menu` VALUES ('1338734330062684370', '1214826565321543682', '1323491863856578561');
INSERT INTO `sys_role_menu` VALUES ('1338734330062684371', '1214826565321543682', '1323491866775814145');
INSERT INTO `sys_role_menu` VALUES ('1338734330062684372', '1214826565321543682', '1323491870609408001');
INSERT INTO `sys_role_menu` VALUES ('1338734330062684373', '1214826565321543682', '1323491873587363842');
INSERT INTO `sys_role_menu` VALUES ('1338734330062684374', '1214826565321543682', '1323491877102190593');
INSERT INTO `sys_role_menu` VALUES ('1338734330062684375', '1214826565321543682', '1323491881074196481');
INSERT INTO `sys_role_menu` VALUES ('1338734330062684376', '1214826565321543682', '1323491884450611202');
INSERT INTO `sys_role_menu` VALUES ('1338734330062684377', '1214826565321543682', '1323491888380674050');
INSERT INTO `sys_role_menu` VALUES ('1338734330062684378', '1214826565321543682', '1323491891807420417');
INSERT INTO `sys_role_menu` VALUES ('1338734330062684379', '1214826565321543682', '1323491895217389569');
INSERT INTO `sys_role_menu` VALUES ('1338734330062684380', '1214826565321543682', '1323491898304397313');
INSERT INTO `sys_role_menu` VALUES ('1338734330062684381', '1214826565321543682', '1323491900485435393');
INSERT INTO `sys_role_menu` VALUES ('1338734330062684382', '1214826565321543682', '1323491903840878594');
INSERT INTO `sys_role_menu` VALUES ('1338734330062684383', '1214826565321543682', '1323491906328100865');
INSERT INTO `sys_role_menu` VALUES ('1338734330062684384', '1214826565321543682', '1323491908735631361');
INSERT INTO `sys_role_menu` VALUES ('1338734330062684385', '1214826565321543682', '1323491911856193538');
INSERT INTO `sys_role_menu` VALUES ('1338734330062684386', '1214826565321543682', '1323491915605901314');
INSERT INTO `sys_role_menu` VALUES ('1338734330062684387', '1214826565321543682', '1323491918722269185');
INSERT INTO `sys_role_menu` VALUES ('1338734330062684388', '1214826565321543682', '1323491921226268673');
INSERT INTO `sys_role_menu` VALUES ('1338734330062684389', '1214826565321543682', '1323491925059862529');
INSERT INTO `sys_role_menu` VALUES ('1339729316279271426', '1319084037507244034', '1323446761884897282');
INSERT INTO `sys_role_menu` VALUES ('1339729316279271427', '1319084037507244034', '1323446765831737346');
INSERT INTO `sys_role_menu` VALUES ('1339729316279271428', '1319084037507244034', '1323446768281210882');
INSERT INTO `sys_role_menu` VALUES ('1339729316279271429', '1319084037507244034', '1323446772064473090');
INSERT INTO `sys_role_menu` VALUES ('1339729316279271430', '1319084037507244034', '1323446774992097282');
INSERT INTO `sys_role_menu` VALUES ('1339729316279271431', '1319084037507244034', '1323446778368512002');
INSERT INTO `sys_role_menu` VALUES ('1339729316279271432', '1319084037507244034', '1323446782034333697');
INSERT INTO `sys_role_menu` VALUES ('1339729316279271433', '1319084037507244034', '1323446785037455362');
INSERT INTO `sys_role_menu` VALUES ('1339729316279271434', '1319084037507244034', '1323446788590030850');
INSERT INTO `sys_role_menu` VALUES ('1339729316279271435', '1319084037507244034', '1323446792067108865');
INSERT INTO `sys_role_menu` VALUES ('1339729316279271436', '1319084037507244034', '1323446796131389441');
INSERT INTO `sys_role_menu` VALUES ('1339729316279271437', '1319084037507244034', '1323446800178892801');
INSERT INTO `sys_role_menu` VALUES ('1339729316279271438', '1319084037507244034', '1323446803093934082');
INSERT INTO `sys_role_menu` VALUES ('1339729316279271439', '1319084037507244034', '1323446806457765890');
INSERT INTO `sys_role_menu` VALUES ('1339729316279271440', '1319084037507244034', '1323446810152947713');
INSERT INTO `sys_role_menu` VALUES ('1339729316283465730', '1319084037507244034', '1323446812367540226');
INSERT INTO `sys_role_menu` VALUES ('1339729316283465731', '1319084037507244034', '1323446814506635265');
INSERT INTO `sys_role_menu` VALUES ('1339729316283465732', '1319084037507244034', '1323446818050822146');
INSERT INTO `sys_role_menu` VALUES ('1339729316283465733', '1319084037507244034', '1323446821838278657');
INSERT INTO `sys_role_menu` VALUES ('1339729316283465734', '1319084037507244034', '1323446824904314882');
INSERT INTO `sys_role_menu` VALUES ('1339729316283465735', '1319084037507244034', '1323446828507222018');
INSERT INTO `sys_role_menu` VALUES ('1339729316283465736', '1319084037507244034', '1323446830755368961');
INSERT INTO `sys_role_menu` VALUES ('1339729316283465737', '1319084037507244034', '1323446833439723522');
INSERT INTO `sys_role_menu` VALUES ('1339729316283465738', '1319084037507244034', '1323446835830476801');
INSERT INTO `sys_role_menu` VALUES ('1339729316283465739', '1319084037507244034', '1323446838196064257');
INSERT INTO `sys_role_menu` VALUES ('1339729316283465740', '1319084037507244034', '1323446842084184065');
INSERT INTO `sys_role_menu` VALUES ('1339729316283465741', '1319084037507244034', '1323446844382662657');
INSERT INTO `sys_role_menu` VALUES ('1339729316283465742', '1319084037507244034', '1323446848434360322');
INSERT INTO `sys_role_menu` VALUES ('1339729316283465743', '1319084037507244034', '1323446851588476930');
INSERT INTO `sys_role_menu` VALUES ('1339729316283465744', '1319084037507244034', '1323446854285414401');
INSERT INTO `sys_role_menu` VALUES ('1339729316283465745', '1319084037507244034', '1323446856474841089');
INSERT INTO `sys_role_menu` VALUES ('1339729316283465746', '1319084037507244034', '1323446858899148801');
INSERT INTO `sys_role_menu` VALUES ('1339729316283465747', '1319084037507244034', '1323446861998739458');
INSERT INTO `sys_role_menu` VALUES ('1339729316287660034', '1319084037507244034', '1323446864804728834');
INSERT INTO `sys_role_menu` VALUES ('1339729316287660035', '1319084037507244034', '1323446867434557441');
INSERT INTO `sys_role_menu` VALUES ('1339729316287660036', '1319084037507244034', '1323446871129739266');
INSERT INTO `sys_role_menu` VALUES ('1339729316287660037', '1319084037507244034', '1323446872239749167');
INSERT INTO `sys_role_menu` VALUES ('1339729316287660038', '1319084037507244034', '1323446873914757121');
INSERT INTO `sys_role_menu` VALUES ('1339729316287660039', '1319084037507244034', '1323457155479363586');
INSERT INTO `sys_role_menu` VALUES ('1339729316287660040', '1319084037507244034', '1323457160046960641');
INSERT INTO `sys_role_menu` VALUES ('1339729316287660041', '1319084037507244034', '1323457163289157633');
INSERT INTO `sys_role_menu` VALUES ('1339729316287660042', '1319084037507244034', '1323457168091635713');
INSERT INTO `sys_role_menu` VALUES ('1339729316287660043', '1319084037507244034', '1323457171208003585');
INSERT INTO `sys_role_menu` VALUES ('1339729316287660044', '1319084037507244034', '1323457174412451841');
INSERT INTO `sys_role_menu` VALUES ('1339729316287660045', '1319084037507244034', '1323457176954200065');
INSERT INTO `sys_role_menu` VALUES ('1339729316291854338', '1319084037507244034', '1323457180657770497');
INSERT INTO `sys_role_menu` VALUES ('1339729316291854339', '1319084037507244034', '1323457183010775041');
INSERT INTO `sys_role_menu` VALUES ('1339729316291854340', '1319084037507244034', '1323457185179230209');
INSERT INTO `sys_role_menu` VALUES ('1339729316291854341', '1319084037507244034', '1323457188840857601');
INSERT INTO `sys_role_menu` VALUES ('1339729316291854342', '1319084037507244034', '1323457190950592513');
INSERT INTO `sys_role_menu` VALUES ('1339729316291854343', '1319084037507244034', '1323457193882411009');
INSERT INTO `sys_role_menu` VALUES ('1339729316291854344', '1319084037507244034', '1323457195987951617');
INSERT INTO `sys_role_menu` VALUES ('1339729316291854345', '1319084037507244034', '1323457199494389762');
INSERT INTO `sys_role_menu` VALUES ('1339729316291854346', '1319084037507244034', '1323457202715615233');
INSERT INTO `sys_role_menu` VALUES ('1339729316291854347', '1319084037507244034', '1323457206838616066');
INSERT INTO `sys_role_menu` VALUES ('1339729316291854348', '1319084037507244034', '1323457210680598530');
INSERT INTO `sys_role_menu` VALUES ('1339729316291854349', '1319084037507244034', '1323457213478199298');
INSERT INTO `sys_role_menu` VALUES ('1339729316291854350', '1319084037507244034', '1323457216112222210');
INSERT INTO `sys_role_menu` VALUES ('1339729316291854351', '1319084037507244034', '1323457220054867969');
INSERT INTO `sys_role_menu` VALUES ('1339729316291854352', '1319084037507244034', '1323457223376756738');
INSERT INTO `sys_role_menu` VALUES ('1339729316291854353', '1319084037507244034', '1323457226472153090');
INSERT INTO `sys_role_menu` VALUES ('1339729316291854354', '1319084037507244034', '1323457229768876033');
INSERT INTO `sys_role_menu` VALUES ('1339729316291854355', '1319084037507244034', '1323457232570671106');
INSERT INTO `sys_role_menu` VALUES ('1339729316291854356', '1319084037507244034', '1323457235842228226');
INSERT INTO `sys_role_menu` VALUES ('1339729316291854357', '1319084037507244034', '1323457239495467009');
INSERT INTO `sys_role_menu` VALUES ('1339729316291854358', '1319084037507244034', '1323457241680699394');
INSERT INTO `sys_role_menu` VALUES ('1339729316291854359', '1319084037507244034', '1323457245346521089');
INSERT INTO `sys_role_menu` VALUES ('1339729316291854360', '1319084037507244034', '1323457248882319361');
INSERT INTO `sys_role_menu` VALUES ('1339729316291854361', '1319084037507244034', '1323457252309065730');
INSERT INTO `sys_role_menu` VALUES ('1339729316291854362', '1319084037507244034', '1323457256096522241');
INSERT INTO `sys_role_menu` VALUES ('1339729316291854363', '1319084037507244034', '1323457259636514817');
INSERT INTO `sys_role_menu` VALUES ('1339729316291854364', '1319084037507244034', '1323457262379589633');
INSERT INTO `sys_role_menu` VALUES ('1339729316291854365', '1319084037507244034', '1323457265072332802');
INSERT INTO `sys_role_menu` VALUES ('1339729316291854366', '1319084037507244034', '1323457267387588610');
INSERT INTO `sys_role_menu` VALUES ('1339729316291854367', '1319084037507244034', '1323457271124713473');
INSERT INTO `sys_role_menu` VALUES ('1339729316291854368', '1319084037507244034', '1323457273783902210');
INSERT INTO `sys_role_menu` VALUES ('1339729316296048641', '1319084037507244034', '1323457276178849794');
INSERT INTO `sys_role_menu` VALUES ('1339729316296048642', '1319084037507244034', '1323457280285073410');
INSERT INTO `sys_role_menu` VALUES ('1339729316296048643', '1319084037507244034', '1323457284382908418');
INSERT INTO `sys_role_menu` VALUES ('1339729316296048644', '1319084037507244034', '1323457288312971266');
INSERT INTO `sys_role_menu` VALUES ('1339729316296048645', '1319084037507244034', '1323457290468843522');
INSERT INTO `sys_role_menu` VALUES ('1339729316296048646', '1319084037507244034', '1323457293983670274');
INSERT INTO `sys_role_menu` VALUES ('1339729316296048647', '1319084037507244034', '1323457297620131842');
INSERT INTO `sys_role_menu` VALUES ('1339729316296048648', '1319084037507244034', '1323457300937826305');
INSERT INTO `sys_role_menu` VALUES ('1339729316296048649', '1319084037507244034', '1323457303185973249');
INSERT INTO `sys_role_menu` VALUES ('1339729316296048650', '1319084037507244034', '1323465292143890434');
INSERT INTO `sys_role_menu` VALUES ('1339729316296048651', '1319084037507244034', '1323465296644378625');
INSERT INTO `sys_role_menu` VALUES ('1339729316296048652', '1319084037507244034', '1323465300733825026');
INSERT INTO `sys_role_menu` VALUES ('1339729316296048653', '1319084037507244034', '1323465303497871361');
INSERT INTO `sys_role_menu` VALUES ('1339729316296048654', '1319084037507244034', '1323465306433884161');
INSERT INTO `sys_role_menu` VALUES ('1339729316300242945', '1319084037507244034', '1323465310024208386');
INSERT INTO `sys_role_menu` VALUES ('1339729316300242946', '1319084037507244034', '1323465313249628161');
INSERT INTO `sys_role_menu` VALUES ('1339729316300242947', '1319084037507244034', '1323465316550545409');
INSERT INTO `sys_role_menu` VALUES ('1339729316300242948', '1319084037507244034', '1323465319444615170');
INSERT INTO `sys_role_menu` VALUES ('1339729316300242949', '1319084037507244034', '1323465322640674817');
INSERT INTO `sys_role_menu` VALUES ('1339729316300242950', '1319084037507244034', '1323465324955930625');
INSERT INTO `sys_role_menu` VALUES ('1339729316300242951', '1319084037507244034', '1323465328038744065');
INSERT INTO `sys_role_menu` VALUES ('1339729316300242952', '1319084037507244034', '1323465331868143617');
INSERT INTO `sys_role_menu` VALUES ('1339729316300242953', '1319084037507244034', '1323465335894675457');
INSERT INTO `sys_role_menu` VALUES ('1339729316300242954', '1319084037507244034', '1323465338889408514');
INSERT INTO `sys_role_menu` VALUES ('1339729316300242955', '1319084037507244034', '1323465341871558657');
INSERT INTO `sys_role_menu` VALUES ('1339729316300242956', '1319084037507244034', '1323465345898090498');
INSERT INTO `sys_role_menu` VALUES ('1339729316300242957', '1319084037507244034', '1323465349958176769');
INSERT INTO `sys_role_menu` VALUES ('1339729316300242958', '1319084037507244034', '1323465352999047170');
INSERT INTO `sys_role_menu` VALUES ('1339729316300242959', '1319084037507244034', '1323465356161552386');
INSERT INTO `sys_role_menu` VALUES ('1339729316300242960', '1319084037507244034', '1323465359139508225');
INSERT INTO `sys_role_menu` VALUES ('1339729316300242961', '1319084037507244034', '1323465362562060290');
INSERT INTO `sys_role_menu` VALUES ('1339729316300242962', '1319084037507244034', '1323465364864733186');
INSERT INTO `sys_role_menu` VALUES ('1339729316300242963', '1319084037507244034', '1323465367142240257');
INSERT INTO `sys_role_menu` VALUES ('1339729316300242964', '1319084037507244034', '1323465369847566337');
INSERT INTO `sys_role_menu` VALUES ('1339729316300242965', '1319084037507244034', '1323465372125073409');
INSERT INTO `sys_role_menu` VALUES ('1339729316300242966', '1319084037507244034', '1323465374515826690');
INSERT INTO `sys_role_menu` VALUES ('1339729316304437249', '1319084037507244034', '1323465378643021825');
INSERT INTO `sys_role_menu` VALUES ('1339729316304437250', '1319084037507244034', '1323465380983443458');
INSERT INTO `sys_role_menu` VALUES ('1339729316304437251', '1319084037507244034', '1323465383680380930');
INSERT INTO `sys_role_menu` VALUES ('1339729316304437252', '1319084037507244034', '1323465385953693697');
INSERT INTO `sys_role_menu` VALUES ('1339729316304437253', '1319084037507244034', '1323465389925699585');
INSERT INTO `sys_role_menu` VALUES ('1339729316304437254', '1319084037507244034', '1323465393704767490');
INSERT INTO `sys_role_menu` VALUES ('1339729316304437255', '1319084037507244034', '1323465396888244225');
INSERT INTO `sys_role_menu` VALUES ('1339729316304437256', '1319084037507244034', '1323465400029777921');
INSERT INTO `sys_role_menu` VALUES ('1339729316304437257', '1319084037507244034', '1323465401029783632');
INSERT INTO `sys_role_menu` VALUES ('1339729316304437258', '1319084037507244034', '1323465402781241346');
INSERT INTO `sys_role_menu` VALUES ('1339729316304437259', '1319084037507244034', '1323465405113274369');
INSERT INTO `sys_role_menu` VALUES ('1339729316304437260', '1319084037507244034', '1323465407613079553');
INSERT INTO `sys_role_menu` VALUES ('1339729316304437261', '1319084037507244034', '1323465408371552934');
INSERT INTO `sys_role_menu` VALUES ('1339729316304437262', '1319084037507244034', '1323465410377125889');
INSERT INTO `sys_role_menu` VALUES ('1339729316304437263', '1319084037507244034', '1323465414361714689');
INSERT INTO `sys_role_menu` VALUES ('1339729316304437264', '1319084037507244034', '1323465415426742390');
INSERT INTO `sys_role_menu` VALUES ('1339729316304437265', '1319084037507244034', '1323465416611367426');
INSERT INTO `sys_role_menu` VALUES ('1339729316304437266', '1319084037507244034', '1323465416705008130');
INSERT INTO `sys_role_menu` VALUES ('1339729316304437267', '1319084037507244034', '1323465417236419686');
INSERT INTO `sys_role_menu` VALUES ('1339729316304437268', '1319084037507244034', '1323465417607196160');
INSERT INTO `sys_role_menu` VALUES ('1339729316304437269', '1319084037507244034', '1323465417802278401');
INSERT INTO `sys_role_menu` VALUES ('1339729316304437270', '1319084037507244034', '1323465418100034561');
INSERT INTO `sys_role_menu` VALUES ('1339729316304437271', '1319084037507244034', '1323465418218860801');
COMMIT;

-- ----------------------------
-- Table structure for sys_user
-- ----------------------------
DROP TABLE IF EXISTS `sys_user`;
CREATE TABLE `sys_user` (
  `id` varchar(50) CHARACTER SET utf8mb4 COLLATE utf8mb4_general_ci NOT NULL COMMENT '主键ID',
  `username` varchar(50) CHARACTER SET utf8mb4 COLLATE utf8mb4_general_ci DEFAULT NULL COMMENT '用户名',
  `nickname` varchar(50) CHARACTER SET utf8mb4 COLLATE utf8mb4_general_ci DEFAULT NULL COMMENT '昵称',
  `password` varchar(255) CHARACTER SET utf8mb4 COLLATE utf8mb4_general_ci DEFAULT NULL COMMENT '密码',
  `email` varchar(50) CHARACTER SET utf8mb4 COLLATE utf8mb4_general_ci DEFAULT NULL COMMENT '电子邮件',
  `phone` varchar(50) CHARACTER SET utf8mb4 COLLATE utf8mb4_general_ci DEFAULT NULL COMMENT '手机号码',
  `birthday` date DEFAULT NULL COMMENT '出生日期',
  `dept_id` varchar(50) CHARACTER SET utf8mb4 COLLATE utf8mb4_general_ci DEFAULT NULL COMMENT '部门',
  `status` tinyint DEFAULT NULL COMMENT '状态（0不启用，1启用）',
  `create_by` varchar(50) CHARACTER SET utf8mb4 COLLATE utf8mb4_general_ci DEFAULT NULL COMMENT '创建人',
  `create_time` datetime DEFAULT NULL COMMENT '创建日期',
  `update_by` varchar(50) CHARACTER SET utf8mb4 COLLATE utf8mb4_general_ci DEFAULT NULL COMMENT '更新人',
  `update_time` datetime DEFAULT NULL COMMENT '更新日期',
  `remark` varchar(1000) CHARACTER SET utf8mb4 COLLATE utf8mb4_general_ci DEFAULT NULL COMMENT '备注',
  PRIMARY KEY (`id`) USING BTREE
) ENGINE=InnoDB DEFAULT CHARSET=utf8mb4 COLLATE=utf8mb4_general_ci ROW_FORMAT=DYNAMIC COMMENT='用户信息表';

-- ----------------------------
-- Records of sys_user
-- ----------------------------
BEGIN;
INSERT INTO `sys_user` VALUES ('1214835832967581698', 'admin', '管理员', '$2a$10$lsPhICj3H/tspyXXwgFfcO.wbasZZp8eGBZKGfxxxmeAGOvzrhjaK', 'xxx@qq.com', '136xxx', '1992-12-03', '1197789917762031617', 1, '1214835832967581698', '2020-01-08 17:06:48', '1214835832967581698', '2020-01-08 17:06:48', NULL);
INSERT INTO `sys_user` VALUES ('1319084615276814337', 'zs', '张三', '$2a$10$lsPhICj3H/tspyXXwgFfcO.wbasZZp8eGBZKGfxxxmeAGOvzrhjaK', 'xxx@qq.com', '136xxx', '1995-09-30', '1197790192543469570', 1, '1214835832967581698', '2020-10-22 09:14:14', '1214835832967581698', '2020-10-22 09:14:14', NULL);
INSERT INTO `sys_user` VALUES ('1319084968579817473', 'ls', '李四', '$2a$10$/OdCjDYY/.gHNNHNQDmD0.8eY14hnG5OOhwfxKKNHbDml7Wzn2c6a', 'xxx@qq.com', '136xxx', '1993-06-11', '1197790560782389250', 1, '1214835832967581698', '2020-10-22 09:15:39', '1214835832967581698', '2020-10-22 09:15:39', NULL);
INSERT INTO `sys_user` VALUES ('1319093485260890113', 'ww', '王五', '$2a$10$zukr/0wKIaeN8dw3X.biAudTDDRmqTI5EeoeriIjug.Ntj2ro7w8m', 'xxx@qq.com', '136xxx', '1994-11-21', '1197790192543469570', 1, '1319084968579817473', '2020-10-22 09:49:29', '1319084968579817473', '2020-10-22 09:49:29', NULL);
INSERT INTO `sys_user` VALUES ('1319093610569916418', 'zl', '赵六', '$2a$10$veZ.csljplWVeYnk6n1AGO7bJq19HZMu9abB5IWQ0J9X5rqXpPpFK', 'xxx@qq.com', '136xxx', '1991-03-04', '1197790192543469570', 1, '1319084968579817473', '2020-10-22 09:49:59', '1319084968579817473', '2020-10-22 09:49:59', NULL);
COMMIT;

-- ----------------------------
-- Table structure for sys_user_post
-- ----------------------------
DROP TABLE IF EXISTS `sys_user_post`;
CREATE TABLE `sys_user_post` (
  `id` varchar(50) CHARACTER SET utf8mb4 COLLATE utf8mb4_general_ci NOT NULL COMMENT '用户岗位主键ID',
  `user_id` varchar(50) CHARACTER SET utf8mb4 COLLATE utf8mb4_general_ci NOT NULL COMMENT '用户ID',
  `post_id` varchar(50) CHARACTER SET utf8mb4 COLLATE utf8mb4_general_ci NOT NULL COMMENT '岗位ID',
  PRIMARY KEY (`id`,`user_id`,`post_id`) USING BTREE
) ENGINE=InnoDB DEFAULT CHARSET=utf8mb4 COLLATE=utf8mb4_general_ci ROW_FORMAT=DYNAMIC COMMENT='用户和岗位关联表';

-- ----------------------------
-- Records of sys_user_post
-- ----------------------------
BEGIN;
INSERT INTO `sys_user_post` VALUES ('1214835833017913346', '1214835832967581698', '1214825605782228993');
INSERT INTO `sys_user_post` VALUES ('1319084615348117505', '1319084615276814337', '1214825677672599554');
INSERT INTO `sys_user_post` VALUES ('1319084968676286466', '1319084968579817473', '1214825677672599554');
INSERT INTO `sys_user_post` VALUES ('1319093485327998977', '1319093485260890113', '1214825677672599554');
INSERT INTO `sys_user_post` VALUES ('1319093610611859458', '1319093610569916418', '1214825677672599554');
INSERT INTO `sys_user_post` VALUES ('1335762265819500546', '1335761402136809473', '1214825605782228993');
COMMIT;

-- ----------------------------
-- Table structure for sys_user_role
-- ----------------------------
DROP TABLE IF EXISTS `sys_user_role`;
CREATE TABLE `sys_user_role` (
  `id` varchar(50) CHARACTER SET utf8mb4 COLLATE utf8mb4_general_ci NOT NULL COMMENT '用户角色主键ID',
  `user_id` varchar(50) CHARACTER SET utf8mb4 COLLATE utf8mb4_general_ci NOT NULL COMMENT '用户ID',
  `role_id` varchar(50) CHARACTER SET utf8mb4 COLLATE utf8mb4_general_ci NOT NULL COMMENT '角色ID',
  PRIMARY KEY (`id`,`user_id`,`role_id`) USING BTREE
) ENGINE=InnoDB DEFAULT CHARSET=utf8mb4 COLLATE=utf8mb4_general_ci ROW_FORMAT=DYNAMIC COMMENT='用户和角色关联表';

-- ----------------------------
-- Records of sys_user_role
-- ----------------------------
BEGIN;
INSERT INTO `sys_user_role` VALUES ('1214835832975970305', '1214835832967581698', '1214826565321543682');
INSERT INTO `sys_user_role` VALUES ('1319084615310368770', '1319084615276814337', '1319084037507244034');
INSERT INTO `sys_user_role` VALUES ('1319084968609177601', '1319084968579817473', '1319084037507244034');
INSERT INTO `sys_user_role` VALUES ('1319093485302833153', '1319093485260890113', '1319092939179286529');
INSERT INTO `sys_user_role` VALUES ('1319093610590887938', '1319093610569916418', '1319092939179286529');
COMMIT;

-- ----------------------------
-- Table structure for tbl_email
-- ----------------------------
DROP TABLE IF EXISTS `tbl_email`;
CREATE TABLE `tbl_email` (
  `id` varchar(50) CHARACTER SET utf8mb4 COLLATE utf8mb4_general_ci NOT NULL COMMENT '主键ID',
  `status` tinyint DEFAULT NULL COMMENT '状态（0不启用，1启用）',
  `create_by` varchar(50) CHARACTER SET utf8mb4 COLLATE utf8mb4_general_ci DEFAULT NULL COMMENT '创建人',
  `create_time` datetime DEFAULT NULL COMMENT '创建日期',
  `create_dept` varchar(50) CHARACTER SET utf8mb4 COLLATE utf8mb4_general_ci DEFAULT NULL COMMENT '创建人所属部门',
  `update_by` varchar(50) CHARACTER SET utf8mb4 COLLATE utf8mb4_general_ci DEFAULT NULL COMMENT '更新人',
  `update_time` datetime DEFAULT NULL COMMENT '更新日期',
  `remark` varchar(1000) CHARACTER SET utf8mb4 COLLATE utf8mb4_general_ci DEFAULT NULL COMMENT '备注',
  `subject` varchar(255) CHARACTER SET utf8mb4 COLLATE utf8mb4_general_ci DEFAULT NULL COMMENT '标题',
  `text` varchar(2000) CHARACTER SET utf8mb4 COLLATE utf8mb4_general_ci DEFAULT NULL COMMENT '内容',
  `tos` json DEFAULT NULL COMMENT '接收人',
  `ccs` json DEFAULT NULL COMMENT '抄送人',
  `bccs` json DEFAULT NULL COMMENT '密送人',
  PRIMARY KEY (`id`) USING BTREE
) ENGINE=InnoDB DEFAULT CHARSET=utf8mb4 COLLATE=utf8mb4_general_ci ROW_FORMAT=DYNAMIC;

-- ----------------------------
-- Records of tbl_email
-- ----------------------------
BEGIN;
COMMIT;

-- ----------------------------
-- Table structure for tbl_file
-- ----------------------------
DROP TABLE IF EXISTS `tbl_file`;
CREATE TABLE `tbl_file` (
  `id` varchar(50) CHARACTER SET utf8mb4 COLLATE utf8mb4_general_ci NOT NULL COMMENT '主键ID',
  `original_filename` varchar(255) CHARACTER SET utf8mb4 COLLATE utf8mb4_general_ci DEFAULT NULL COMMENT '文件原始名称',
  `file_name` varchar(255) CHARACTER SET utf8mb4 COLLATE utf8mb4_general_ci DEFAULT NULL COMMENT '文件名称',
  `file_size` int DEFAULT NULL COMMENT '文件大小',
  `file_path` varchar(255) CHARACTER SET utf8mb4 COLLATE utf8mb4_general_ci DEFAULT NULL COMMENT '访问路径',
  `content_type` varchar(50) CHARACTER SET utf8mb4 COLLATE utf8mb4_general_ci DEFAULT NULL COMMENT '文件类型',
  `file_type` varchar(50) CHARACTER SET utf8mb4 COLLATE utf8mb4_general_ci DEFAULT NULL COMMENT '文件来源',
  `status` tinyint DEFAULT NULL COMMENT '状态（0不启用，1启用）',
  `create_by` varchar(50) CHARACTER SET utf8mb4 COLLATE utf8mb4_general_ci DEFAULT NULL COMMENT '创建人',
  `create_time` datetime DEFAULT NULL COMMENT '创建日期',
  `update_by` varchar(50) CHARACTER SET utf8mb4 COLLATE utf8mb4_general_ci DEFAULT NULL COMMENT '更新人',
  `update_time` datetime DEFAULT NULL COMMENT '更新日期',
  `remark` varchar(1000) CHARACTER SET utf8mb4 COLLATE utf8mb4_general_ci DEFAULT NULL COMMENT '备注',
  PRIMARY KEY (`id`) USING BTREE
) ENGINE=InnoDB DEFAULT CHARSET=utf8mb4 COLLATE=utf8mb4_general_ci ROW_FORMAT=DYNAMIC COMMENT='文件信息表';

-- ----------------------------
-- Records of tbl_file
-- ----------------------------
BEGIN;
COMMIT;


-- ----------------------------
-- Table structure for oauth_client_details
-- ----------------------------
DROP TABLE IF EXISTS `oauth_client_details`;
CREATE TABLE `oauth_client_details` (
    `client_id` varchar(255) CHARACTER SET utf8mb4 COLLATE utf8mb4_general_ci NOT NULL,
    `resource_ids` varchar(255) CHARACTER SET utf8mb4 COLLATE utf8mb4_general_ci DEFAULT NULL,
    `client_secret` varchar(255) CHARACTER SET utf8mb4 COLLATE utf8mb4_general_ci DEFAULT NULL,
    `scope` varchar(255) CHARACTER SET utf8mb4 COLLATE utf8mb4_general_ci DEFAULT NULL,
    `authorized_grant_types` varchar(255) CHARACTER SET utf8mb4 COLLATE utf8mb4_general_ci DEFAULT NULL,
    `web_server_redirect_uri` varchar(255) CHARACTER SET utf8mb4 COLLATE utf8mb4_general_ci DEFAULT NULL,
    `authorities` varchar(255) CHARACTER SET utf8mb4 COLLATE utf8mb4_general_ci DEFAULT NULL,
    `access_token_validity` int DEFAULT NULL,
    `refresh_token_validity` int DEFAULT NULL,
    `additional_information` varchar(255) CHARACTER SET utf8mb4 COLLATE utf8mb4_general_ci DEFAULT NULL,
    `autoapprove` varchar(255) CHARACTER SET utf8mb4 COLLATE utf8mb4_general_ci DEFAULT NULL,
    PRIMARY KEY (`client_id`) USING BTREE
) ENGINE=InnoDB DEFAULT CHARSET=utf8mb4 COLLATE=utf8mb4_general_ci ROW_FORMAT=DYNAMIC COMMENT='终端信息表';

-- ----------------------------
-- Records of oauth_client_details
-- ----------------------------
BEGIN;
INSERT INTO `oauth_client_details` VALUES ('datax', NULL, '$2a$10$3rV8TA7XlfVkZrP0kA0t7OqKoQa93Mw/VZii6nP62pqiD.AjKSUja', 'all', 'password,refresh_token,client_credentials,authorization_code', 'http://baidu.com', NULL, 86400, 604800, NULL, 'true');
INSERT INTO `oauth_client_details` VALUES ('normal-app', NULL, '$2a$10$tF1Qh5IU3BLXkt/rwhZ1x.sBnnFi7ZDIZ4VJawiSH2Ad26YE1U9nC', 'all', 'password,refresh_token', NULL, NULL, 86400, 604800, NULL, 'true');
INSERT INTO `oauth_client_details` VALUES ('trusted-app', NULL, '$2a$10$F2KzyEy9MeFLz.ic2wvJDegLFjG9xzo7n7s.TE7zdI6fWeIieVV1G', 'all', 'password,refresh_token', NULL, NULL, 0, 0, NULL, 'true');
COMMIT;

SET FOREIGN_KEY_CHECKS = 1;
